connections,read_percent,write_percent,db_mem_coef,pgpool_cache_coef,read_cost,write_cost,effective,effective_coef
80,100,0,0.65,0.43333333333333335,29.05,0.0,True,1.0855849148566021
90,100,0,0.65,0.43333333333333335,29.05,0.0,True,1.0304216005167763
100,100,0,0.65,0.43333333333333335,29.05,0.0,True,1.0324497452753132
150,100,0,0.65,0.43333333333333335,29.05,0.0,True,2.429909325481045
210,100,0,0.65,0.43333333333333335,29.05,0.0,True,2.2183245814951666
280,100,0,0.65,0.43333333333333335,29.05,0.0,True,3.979663746966904
320,100,0,0.65,0.43333333333333335,29.05,0.0,True,2.152258904946772
80,100,0,0.775,0.5166666666666667,32.55,0.0,True,1.0349427661457693
90,100,0,0.775,0.5166666666666667,32.55,0.0,True,1.215279442756846
97,100,0,0.775,0.5166666666666667,32.55,0.0,False,0.664922695986454
100,100,0,0.775,0.5166666666666667,32.55,0.0,True,1.6291410426198318
150,100,0,0.775,0.5166666666666667,32.55,0.0,True,1.8730955074434124
170,100,0,0.775,0.5166666666666667,32.55,0.0,True,1.4735500843153495
210,100,0,0.775,0.5166666666666667,32.55,0.0,True,2.4982715811080167
250,100,0,0.775,0.5166666666666667,32.55,0.0,True,3.7516588222975384
280,100,0,0.775,0.5166666666666667,32.55,0.0,True,2.5311457881756403
320,100,0,0.775,0.5166666666666667,32.55,0.0,True,2.027735238870095
80,100,0,0.975,0.65,38.34,0.0,True,1.0966987466941498
90,100,0,0.975,0.65,38.34,0.0,True,1.1754239060025762
100,100,0,0.975,0.65,38.34,0.0,True,2.8321002507348436
150,100,0,0.975,0.65,38.34,0.0,True,2.2213510547994733
210,100,0,0.975,0.65,38.34,0.0,True,2.1373146348411414
280,100,0,0.975,0.65,38.34,0.0,True,1.409561780562034
320,100,0,0.975,0.65,38.34,0.0,True,8.038749154002188
97,100,0,1.285,0.8566666666666666,46.64,0.0,False,0.837417054089929
170,100,0,1.285,0.8566666666666666,46.64,0.0,True,1.4816315848842307
210,100,0,1.285,0.8566666666666666,46.64,0.0,True,2.469798940138918
250,100,0,1.285,0.8566666666666666,46.64,0.0,True,3.7883595583820866
320,100,0,1.285,0.8566666666666666,46.64,0.0,True,1.450371629571983
80,100,0,1.8,1.2,61.89,0.0,True,1.3088252998073409
90,100,0,1.8,1.2,61.76,0.0,True,1.8962517234021727
97,100,0,1.8,1.2,61.89,0.0,False,0.6209942477036873
100,100,0,1.8,1.2,61.89,0.0,True,1.99403504524898
150,100,0,1.8,1.2,61.89,0.0,True,2.490793323696318
170,100,0,1.8,1.2,61.89,0.0,True,2.5215207378869438
210,100,0,1.8,1.2,61.89,0.0,True,4.510409179591442
250,100,0,1.8,1.2,61.76,0.0,True,2.0719771177769704
280,100,0,1.8,1.2,61.89,0.0,True,2.663659532836533
320,100,0,1.8,1.2,61.89,0.0,True,3.7474791617103405
80,100,0,1.925,1.2833333333333334,65.41,0.0,True,1.5717644013476777
90,100,0,1.925,1.2833333333333334,65.41,0.0,True,1.9755649459178102
100,100,0,1.925,1.2833333333333334,65.41,0.0,True,2.1234780775691275
150,100,0,1.925,1.2833333333333334,65.41,0.0,True,1.806715609813486
210,100,0,1.925,1.2833333333333334,65.41,0.0,True,2.0554840249305446
280,100,0,1.925,1.2833333333333334,65.41,0.0,True,1.8248389748068332
320,100,0,1.925,1.2833333333333334,65.41,0.0,True,1.8645120760712695
80,36,66,0.65,0.43333333333333335,29.05,11.44,True,1.417174291528413
80,73,27,0.65,0.43333333333333335,29.05,11.44,True,1.2800384677049426
80,92,8,0.65,0.43333333333333335,29.05,11.44,True,1.1807189184828073
90,36,66,0.65,0.43333333333333335,29.05,11.44,True,2.4270329277524483
90,73,27,0.65,0.43333333333333335,29.05,11.44,True,1.3782601420711356
90,92,8,0.65,0.43333333333333335,29.05,11.44,True,1.1103909907299359
100,36,66,0.65,0.43333333333333335,29.05,11.44,False,0.883808749145051
100,73,27,0.65,0.43333333333333335,29.05,11.44,False,0.9848651622223648
100,92,8,0.65,0.43333333333333335,29.05,11.44,False,0.6706008209332676
150,36,66,0.65,0.43333333333333335,29.05,11.44,True,1.299711186107346
150,73,27,0.65,0.43333333333333335,29.05,11.44,True,1.5898518617843322
150,92,8,0.65,0.43333333333333335,29.05,11.44,True,1.5071580628982046
210,36,66,0.65,0.43333333333333335,29.05,11.44,True,1.1955292341567645
210,73,27,0.65,0.43333333333333335,29.05,11.44,True,1.864676841329882
210,92,8,0.65,0.43333333333333335,29.05,11.44,True,1.4258020397887992
280,36,66,0.65,0.43333333333333335,29.05,11.44,True,1.6605850486340925
280,73,27,0.65,0.43333333333333335,29.05,11.44,True,1.7611127152479809
280,92,8,0.65,0.43333333333333335,29.05,11.44,True,1.1806230010933243
320,36,66,0.65,0.43333333333333335,29.05,11.44,False,0.9638138185689739
320,73,27,0.65,0.43333333333333335,29.05,11.44,True,1.4211166822943153
320,92,8,0.65,0.43333333333333335,29.05,11.44,True,1.8512340382826322
80,36,66,0.775,0.5166666666666667,32.55,13.09,False,0.9506982009451765
80,73,27,0.775,0.5166666666666667,32.55,13.09,True,1.026157056126631
80,92,8,0.775,0.5166666666666667,32.55,13.09,False,0.9610364713273605
90,36,66,0.775,0.5166666666666667,32.55,13.09,True,1.1354602415336557
90,73,27,0.775,0.5166666666666667,32.55,13.09,True,1.275971532023666
90,92,8,0.775,0.5166666666666667,32.55,13.09,True,1.2971627087439346
97,36,66,0.775,0.5166666666666667,32.55,13.09,False,0.8843188879206367
97,73,27,0.775,0.5166666666666667,32.55,13.09,True,1.5216686298356628
97,92,8,0.775,0.5166666666666667,32.55,13.09,True,2.9489258293490077
100,36,66,0.775,0.5166666666666667,32.55,13.09,True,1.209816126843355
100,73,27,0.775,0.5166666666666667,32.55,13.09,True,1.0704874067989907
100,92,8,0.775,0.5166666666666667,32.55,13.09,True,1.592352084397271
150,36,66,0.775,0.5166666666666667,32.55,13.09,True,1.183818473296155
150,73,27,0.775,0.5166666666666667,32.55,13.09,True,1.4964081032781413
150,92,8,0.775,0.5166666666666667,32.55,13.09,True,1.7556149959691232
170,36,66,0.775,0.5166666666666667,32.55,13.09,True,1.3764699218691523
170,73,27,0.775,0.5166666666666667,32.55,13.09,True,2.6520893701647976
170,92,8,0.775,0.5166666666666667,32.55,13.09,True,3.224158494822287
210,36,66,0.775,0.5166666666666667,32.55,13.09,True,2.7823980414058074
210,73,27,0.775,0.5166666666666667,32.55,13.09,True,3.2630034872494322
210,92,8,0.775,0.5166666666666667,32.55,13.09,True,3.96443155320817
250,36,66,0.775,0.5166666666666667,32.55,13.09,True,2.414318366099742
250,73,27,0.775,0.5166666666666667,32.55,13.09,True,3.178729462954509
250,92,8,0.775,0.5166666666666667,32.55,13.09,True,4.102665786266218
280,36,66,0.775,0.5166666666666667,32.55,13.09,True,1.328089839433908
280,73,27,0.775,0.5166666666666667,32.55,13.09,True,1.505442491457244
280,92,8,0.775,0.5166666666666667,32.55,13.09,True,1.9278321152864033
320,36,66,0.775,0.5166666666666667,32.55,13.09,True,2.5295411462042345
320,73,27,0.775,0.5166666666666667,32.55,13.09,True,3.3628072888664726
320,92,8,0.775,0.5166666666666667,32.55,13.09,True,4.627884914766795
80,36,66,0.975,0.65,38.34,15.71,True,1.6594772613154793
80,73,27,0.975,0.65,38.34,15.71,False,0.7205307583577879
80,92,8,0.975,0.65,38.34,15.71,True,1.1305000544283343
90,36,66,0.975,0.65,38.34,15.71,False,0.9214504677768501
90,73,27,0.975,0.65,38.35,15.71,True,1.6384290342498453
90,92,8,0.975,0.65,38.34,15.71,True,1.1013510142749663
100,36,66,0.975,0.65,38.34,15.71,False,0.8737655122222219
100,73,27,0.975,0.65,38.35,15.71,True,1.790942403030719
100,92,8,0.975,0.65,38.35,15.71,True,2.046826820983222
150,36,66,0.975,0.65,38.34,15.71,True,1.381880530910701
150,73,27,0.975,0.65,38.34,15.71,True,1.4667984250790078
150,92,8,0.975,0.65,38.34,15.71,True,1.550409954720068
210,36,66,0.975,0.65,38.34,15.71,True,1.1074433602107983
210,73,27,0.975,0.65,38.34,15.71,True,1.4479932259837072
210,92,8,0.975,0.65,38.34,15.71,True,1.9900244049176268
280,36,66,0.975,0.65,38.34,15.71,False,0.8037667740195363
280,73,27,0.975,0.65,38.34,15.71,True,1.834378607841295
280,92,8,0.975,0.65,38.34,15.71,True,2.0197328100500362
320,36,66,0.975,0.65,38.34,15.71,True,1.204080630168995
320,73,27,0.975,0.65,38.34,15.71,True,1.6729996957168887
320,92,8,0.975,0.65,38.34,15.71,True,2.1268948998011945
97,36,66,1.285,0.8566666666666666,46.64,19.42,True,2.171190307039393
97,73,27,1.285,0.8566666666666666,46.64,19.42,True,2.8446303804651394
97,92,8,1.285,0.8566666666666666,46.64,19.42,True,3.4767232372900776
170,36,66,1.285,0.8566666666666666,46.64,19.42,True,2.164863437318291
170,73,27,1.285,0.8566666666666666,46.64,19.42,True,2.7558465076867953
170,92,8,1.285,0.8566666666666666,46.64,19.42,True,3.7045149521191885
210,36,66,1.285,0.8566666666666666,46.64,19.42,True,1.2553387241780882
210,73,27,1.285,0.8566666666666666,46.64,19.42,True,1.5147950976629925
210,92,8,1.285,0.8566666666666666,46.64,19.42,True,1.9460180991432605
250,36,66,1.285,0.8566666666666666,46.64,19.42,True,2.118713225635854
250,73,27,1.285,0.8566666666666666,46.64,19.42,True,2.593868540148466
250,92,8,1.285,0.8566666666666666,46.64,19.42,True,3.4976302078135166
320,36,66,1.285,0.8566666666666666,46.64,19.42,True,1.9472919775859328
320,73,27,1.285,0.8566666666666666,46.64,19.42,True,2.33196070374351
320,92,8,1.285,0.8566666666666666,46.64,19.42,True,2.6636590466071692
80,36,66,1.8,1.2,61.76,23.95,True,1.1591890175514745
80,73,27,1.8,1.2,61.76,23.95,True,1.6116049430844057
80,92,8,1.8,1.2,61.89,24.08,True,4.079866152116596
90,36,66,1.8,1.2,61.89,24.08,True,1.2822011054509448
90,73,27,1.8,1.2,61.89,24.08,True,1.313303433120004
90,92,8,1.8,1.2,61.89,24.08,True,1.2460342714552666
97,36,66,1.8,1.2,61.89,24.08,True,1.46332022077551
97,73,27,1.8,1.2,61.89,24.08,True,2.0119112428391186
97,92,8,1.8,1.2,61.89,24.08,True,2.6908861089773137
100,36,66,1.8,1.2,61.89,24.08,True,1.3342985457366865
100,73,27,1.8,1.2,61.76,23.95,True,1.7453837822250222
100,92,8,1.8,1.2,61.76,23.95,True,1.8115294682284264
150,36,66,1.8,1.2,61.76,23.95,True,1.2253162852961552
150,73,27,1.8,1.2,61.76,23.95,True,1.0937809822529803
150,92,8,1.8,1.2,61.76,23.95,True,1.8412070804406955
170,36,66,1.8,1.2,61.89,24.08,True,1.6884769975488665
170,73,27,1.8,1.2,61.89,24.08,True,2.328151052998875
170,92,8,1.8,1.2,61.89,24.08,True,2.731771058289361
210,36,66,1.8,1.2,61.76,23.95,True,1.016865713022567
210,73,27,1.8,1.2,61.76,23.95,True,1.3932389018419604
210,92,8,1.8,1.2,61.76,23.95,True,1.3464569190302031
250,36,66,1.8,1.2,61.76,23.95,True,1.2442016198201777
250,73,27,1.8,1.2,61.76,23.95,True,1.4638888839641713
250,92,8,1.8,1.2,61.76,23.95,True,1.9674135462648932
280,36,66,1.8,1.2,61.76,23.95,True,1.2081066647218563
280,73,27,1.8,1.2,61.76,23.95,True,1.7535719703993562
280,92,8,1.8,1.2,61.89,24.08,True,7.604148556269337
320,36,66,1.8,1.2,61.76,23.95,True,1.0493875795821184
320,73,27,1.8,1.2,61.76,23.95,True,1.4504053103337573
320,92,8,1.8,1.2,61.76,23.95,True,1.4489641793417176
80,36,66,1.925,1.2833333333333334,65.41,25.13,True,1.2911809209864689
80,73,27,1.925,1.2833333333333334,65.41,25.13,True,1.3730339116290438
80,92,8,1.925,1.2833333333333334,65.41,25.13,True,1.8542676348768956
90,36,66,1.925,1.2833333333333334,65.41,25.13,True,1.2080985314661354
90,73,27,1.925,1.2833333333333334,65.41,25.13,True,1.5973802879631949
90,92,8,1.925,1.2833333333333334,65.41,25.13,True,2.0754300631183082
100,36,66,1.925,1.2833333333333334,65.41,25.13,False,0.8197780080818493
100,73,27,1.925,1.2833333333333334,65.41,25.13,True,1.696320298946458
100,92,8,1.925,1.2833333333333334,65.41,25.13,True,1.5607031335193398
150,36,66,1.925,1.2833333333333334,65.41,25.13,True,1.139451911535126
150,73,27,1.925,1.2833333333333334,65.41,25.13,True,1.569427814909194
150,92,8,1.925,1.2833333333333334,65.41,25.13,True,1.786151224971487
210,36,66,1.925,1.2833333333333334,65.41,25.13,True,1.1821323092231353
210,73,27,1.925,1.2833333333333334,65.41,25.13,True,3.014391154038149
210,92,8,1.925,1.2833333333333334,65.41,25.13,True,2.1139530248259395
280,36,66,1.925,1.2833333333333334,65.41,25.13,True,1.185426796382555
280,73,27,1.925,1.2833333333333334,65.41,25.13,True,1.6554035905717888
280,92,8,1.925,1.2833333333333334,65.41,25.13,True,2.085854991892226
320,36,66,1.925,1.2833333333333334,65.41,25.13,True,1.219558143388408
320,73,27,1.925,1.2833333333333334,65.41,25.13,True,1.6831120282222867
320,92,8,1.925,1.2833333333333334,65.41,25.14,True,1.275617361193911
80,36,66,0.65,0.43333333333333335,29.05,365.79,True,1.385950571995134
80,73,27,0.65,0.43333333333333335,29.05,353.75,True,1.178423709290594
80,92,8,0.65,0.43333333333333335,29.05,448.4,True,1.1598378980046629
80,97,3,0.65,0.43333333333333335,29.05,448.4,True,1.104078839006246
90,36,66,0.65,0.43333333333333335,29.05,363.51,False,0.6725017010103242
90,73,27,0.65,0.43333333333333335,29.05,363.51,False,0.713759573286214
90,92,8,0.65,0.43333333333333335,29.05,363.51,True,1.2662824910751749
90,97,3,0.65,0.43333333333333335,29.05,363.51,True,1.3431956030025682
100,36,66,0.65,0.43333333333333335,29.05,363.51,False,0.799290507977208
100,73,27,0.65,0.43333333333333335,29.05,343.56,True,1.400119588756124
100,92,8,0.65,0.43333333333333335,29.05,343.56,False,0.8851166562386444
100,97,3,0.65,0.43333333333333335,29.05,343.56,True,1.2401900115364755
150,36,66,0.65,0.43333333333333335,29.05,343.56,True,1.639453789923125
150,73,27,0.65,0.43333333333333335,29.05,381.22,True,1.289533645702085
150,92,8,0.65,0.43333333333333335,29.05,413.24,True,1.3646627047761772
150,97,3,0.65,0.43333333333333335,29.05,413.24,True,1.435880589084806
210,36,66,0.65,0.43333333333333335,29.05,413.24,True,1.1504709369006816
210,73,27,0.65,0.43333333333333335,29.05,413.24,False,0.830477174396808
210,92,8,0.65,0.43333333333333335,29.05,429.69,False,0.9545537061909791
210,97,3,0.65,0.43333333333333335,29.05,448.4,True,1.1555670534104523
280,36,66,0.65,0.43333333333333335,29.05,404.56,False,0.35840141157873034
280,73,27,0.65,0.43333333333333335,29.05,385.36,False,0.8769494315201835
280,92,8,0.65,0.43333333333333335,29.05,11.57,True,1.3416208301534582
280,97,3,0.65,0.43333333333333335,29.05,292.35,True,1.1577483585354653
320,36,66,0.65,0.43333333333333335,29.05,11.6,False,0.9150843740321826
320,73,27,0.65,0.43333333333333335,29.05,344.72,False,0.9041234367348405
320,92,8,0.65,0.43333333333333335,29.05,425.78,True,1.1151477724205292
320,97,3,0.65,0.43333333333333335,29.05,469.31,True,1.0956993584716086
80,36,66,0.775,0.5166666666666667,32.55,410.99,False,0.6720399239183461
80,73,27,0.775,0.5166666666666667,32.55,405.21,True,1.4884536530669035
80,92,8,0.775,0.5166666666666667,32.55,410.99,False,0.8955353601425448
80,97,3,0.775,0.5166666666666667,32.55,410.99,True,1.1537441073423436
90,36,66,0.775,0.5166666666666667,32.55,299.11,True,1.0038877390876944
90,73,27,0.775,0.5166666666666667,32.55,299.11,False,0.9021616877592623
90,92,8,0.775,0.5166666666666667,32.55,432.18,False,0.9426997868453089
90,97,3,0.775,0.5166666666666667,32.55,413.91,True,1.8931761299023178
97,36,66,0.775,0.5166666666666667,32.55,11.8,True,1.2576563129754257
97,73,27,0.775,0.5166666666666667,32.55,13.29,True,1.0421032773834513
97,92,8,0.775,0.5166666666666667,32.55,169.46,True,1.1405304064579718
97,97,3,0.775,0.5166666666666667,32.55,178.93,True,1.00094356844661
100,36,66,0.775,0.5166666666666667,32.55,299.11,True,1.574283648806252
100,73,27,0.775,0.5166666666666667,32.55,381.86,True,1.2689360472950861
100,92,8,0.775,0.5166666666666667,32.55,298.76,True,1.15600022804099
100,97,3,0.775,0.5166666666666667,32.55,187.81,False,0.6930035462426635
150,36,66,0.775,0.5166666666666667,32.55,402.18,True,1.8035160313420702
150,73,27,0.775,0.5166666666666667,32.55,402.18,False,0.7216734960914082
150,92,8,0.775,0.5166666666666667,32.55,402.18,True,1.3760066926865118
150,97,3,0.775,0.5166666666666667,32.55,402.18,True,1.0470678297109408
170,36,66,0.775,0.5166666666666667,32.55,185.7,False,0.9669073243512636
170,73,27,0.775,0.5166666666666667,32.55,207.35,True,1.2643486242468887
170,92,8,0.775,0.5166666666666667,32.55,216.82,True,1.4086499022740877
170,97,3,0.775,0.5166666666666667,32.55,222.9,True,1.2416385784543753
210,36,66,0.775,0.5166666666666667,32.55,252.67,True,1.1603379886323066
210,73,27,0.775,0.5166666666666667,32.55,262.14,False,0.7300564235638178
210,92,8,0.775,0.5166666666666667,32.55,268.91,True,1.6227457016413844
210,97,3,0.775,0.5166666666666667,32.55,272.97,True,1.7567656771123994
280,36,66,0.775,0.5166666666666667,32.55,402.18,True,1.488156407143495
280,73,27,0.775,0.5166666666666667,32.55,381.86,True,1.2886298453102711
280,92,8,0.775,0.5166666666666667,32.55,427.27,False,0.8012692145559874
280,97,3,0.775,0.5166666666666667,32.55,410.99,True,1.5382699387239618
320,36,66,0.775,0.5166666666666667,32.55,225.61,True,1.1074379905822096
320,73,27,0.775,0.5166666666666667,32.55,237.79,False,0.8079398494720829
320,92,8,0.775,0.5166666666666667,32.55,245.91,True,1.7593674428064985
320,97,3,0.775,0.5166666666666667,32.55,249.97,True,2.283981838286698
80,36,66,0.975,0.65,38.34,325.9,True,1.0787434164140552
80,73,27,0.975,0.65,38.34,333.85,True,1.168100676309411
80,92,8,0.975,0.65,38.34,341.79,True,1.1034442179500799
80,97,3,0.975,0.65,38.34,345.76,True,2.1920747615347516
90,36,66,0.975,0.65,38.34,345.76,True,1.119462138258836
90,73,27,0.975,0.65,38.34,353.69,True,1.2240228635306267
90,92,8,0.975,0.65,38.34,357.66,True,2.7365100452173827
90,97,3,0.975,0.65,38.34,13.25,True,1.0529997772855968
100,36,66,0.975,0.65,38.35,178.38,True,1.0417586686977724
100,73,27,0.975,0.65,38.35,212.89,False,0.9600637644485126
100,92,8,0.975,0.65,38.35,237.45,True,1.470962708988281
100,97,3,0.975,0.65,38.35,250.73,True,1.8300144323068752
150,36,66,0.975,0.65,38.34,317.97,True,1.1126039136869714
150,73,27,0.975,0.65,38.34,399.59,False,0.7875260701653675
150,92,8,0.975,0.65,38.34,317.97,True,1.1412795488991867
150,97,3,0.975,0.65,38.34,317.97,True,1.4272194872166455
210,36,66,0.975,0.65,38.34,342.96,False,0.6472040087727643
210,73,27,0.975,0.65,38.34,342.96,False,0.6368463455580501
210,92,8,0.975,0.65,38.34,381.52,True,1.239183826433619
210,97,3,0.975,0.65,38.35,407.22,True,1.5314295922693593
280,36,66,0.975,0.65,38.35,420.07,False,0.8938815460965029
280,73,27,0.975,0.65,38.35,462.03,True,1.2090232603904836
280,92,8,0.975,0.65,38.35,487.73,True,1.3896926508666048
280,97,3,0.975,0.65,38.35,507.01,True,1.5904114446705797
320,36,66,0.975,0.65,38.35,455.61,True,1.0854645167210133
320,73,27,0.975,0.65,38.35,455.61,False,0.6234551963039684
320,92,8,0.975,0.65,38.34,317.97,True,1.3025367032992174
320,97,3,0.975,0.65,38.34,317.97,True,1.5926313946943003
97,36,66,1.285,0.8566666666666666,46.64,11.55,False,0.7213120204723202
97,73,27,1.285,0.8566666666666666,46.64,11.82,False,0.8496063006733421
97,92,8,1.285,0.8566666666666666,46.64,157.99,True,1.0962295482284734
97,97,3,1.285,0.8566666666666666,46.64,162.29,True,1.074619186252299
170,36,66,1.285,0.8566666666666666,46.64,11.55,False,0.5172373737428257
170,73,27,1.285,0.8566666666666666,46.64,11.82,True,1.0826881279823504
170,92,8,1.285,0.8566666666666666,46.64,11.93,False,0.9519928942291472
170,97,3,1.285,0.8566666666666666,46.64,12.0,True,1.2616462965933766
210,36,66,1.285,0.8566666666666666,46.64,171.03,True,1.0837226332720862
210,73,27,1.285,0.8566666666666666,46.64,179.85,True,1.4587116984833435
210,92,8,1.285,0.8566666666666666,46.64,184.88,True,1.25473587244218
210,97,3,1.285,0.8566666666666666,46.64,188.66,True,1.7455177186620465
320,36,66,1.285,0.8566666666666666,46.64,152.14,True,1.1291761961813427
320,73,27,1.285,0.8566666666666666,46.64,159.7,False,0.9152881391383882
320,92,8,1.285,0.8566666666666666,46.64,167.25,True,1.2137837585493871
320,97,3,1.285,0.8566666666666666,46.64,169.77,False,0.9298562160228059
80,36,66,1.8,1.2,61.89,395.38,False,0.7699527977896233
80,73,27,1.8,1.2,61.89,477.43,False,0.9908508931620708
80,92,8,1.8,1.2,61.89,172.71,True,1.4961865745856566
80,97,3,1.8,1.2,61.89,389.03,False,0.8982019760552187
90,36,66,1.8,1.2,61.89,323.64,False,0.9269360172819955
90,73,27,1.8,1.2,61.76,11.8,False,0.6788850816556361
90,92,8,1.8,1.2,61.89,323.64,True,1.4283315612394831
90,97,3,1.8,1.2,61.76,11.46,True,1.1718792291622404
97,36,66,1.8,1.2,61.76,11.98,False,0.8059935446390195
97,73,27,1.8,1.2,61.76,12.16,False,0.9725528138630605
97,92,8,1.8,1.2,61.76,13.29,False,0.8854889130117999
97,97,3,1.8,1.2,61.76,13.36,False,0.7043135528775092
100,36,66,1.8,1.2,61.76,11.6,False,0.995093583201817
100,73,27,1.8,1.2,61.89,155.22,True,1.2285962503114374
100,92,8,1.8,1.2,61.89,167.33,True,1.5106085509147709
100,97,3,1.8,1.2,61.89,246.03,True,1.5534445069587244
150,36,66,1.8,1.2,61.89,178.09,True,1.1094485655882662
150,73,27,1.8,1.2,61.89,190.2,True,1.083044213811759
150,92,8,1.8,1.2,61.89,198.27,True,1.6289088825944047
150,97,3,1.8,1.2,61.89,203.66,True,1.7468389785575162
170,36,66,1.8,1.2,61.89,153.3,True,1.1640858801172158
170,73,27,1.8,1.2,61.89,159.81,False,0.6216630166308511
170,92,8,1.8,1.2,61.89,165.03,True,1.4545494278110465
170,97,3,1.8,1.2,61.89,167.63,False,0.7738234458894019
210,36,66,1.8,1.2,61.89,181.97,False,0.9799861126391953
210,73,27,1.8,1.2,61.89,187.18,True,1.0123367941001031
210,92,8,1.8,1.2,61.89,192.4,True,1.2305481120931887
210,97,3,1.8,1.2,61.89,193.7,True,2.421723767106707
280,36,66,1.8,1.2,61.89,205.0,True,1.1355366669543416
280,73,27,1.8,1.2,61.89,221.14,True,1.1541879439952862
280,92,8,1.8,1.2,61.89,229.89,True,1.9317401056229617
280,97,3,1.8,1.2,61.89,233.92,True,2.007694178322276
320,36,66,1.8,1.2,61.89,168.94,True,1.110339829664801
320,73,27,1.8,1.2,61.89,174.15,True,1.1744665528316482
320,92,8,1.8,1.2,61.89,179.37,True,1.4011450563337897
320,97,3,1.8,1.2,61.89,180.67,True,1.8026550242928905
80,36,66,1.925,1.2833333333333334,65.41,381.13,False,0.9452035166335933
80,73,27,1.925,1.2833333333333334,65.41,394.84,False,0.9744650945593756
80,92,8,1.925,1.2833333333333334,65.41,394.84,True,1.156187041423599
80,97,3,1.925,1.2833333333333334,65.41,183.1,True,1.43968278579209
90,36,66,1.925,1.2833333333333334,65.41,185.93,True,1.0587543025774735
90,73,27,1.925,1.2833333333333334,65.41,195.87,True,1.0650727262544477
90,92,8,1.925,1.2833333333333334,65.41,202.97,True,1.6033939083407633
90,97,3,1.925,1.2833333333333334,65.41,207.23,True,1.9571547191745584
100,36,66,1.925,1.2833333333333334,65.41,208.65,False,0.936034757023192
100,73,27,1.925,1.2833333333333334,65.41,218.59,True,1.1158015076444767
100,92,8,1.925,1.2833333333333334,65.41,227.11,True,1.3129065433487812
100,97,3,1.925,1.2833333333333334,65.41,231.37,True,1.8513827324752055
150,36,66,1.925,1.2833333333333334,65.41,232.79,False,0.7784449021784643
150,73,27,1.925,1.2833333333333334,65.41,241.95,True,1.1226087974318817
150,92,8,1.925,1.2833333333333334,65.41,186.59,False,0.9345978231954232
150,97,3,1.925,1.2833333333333334,65.41,383.14,True,2.4773506743988984
210,36,66,1.925,1.2833333333333334,65.41,446.04,True,1.0181591253273141
210,73,27,1.925,1.2833333333333334,65.41,385.25,False,0.6828192327676407
210,92,8,1.925,1.2833333333333334,65.41,189.34,True,1.3681974587502568
210,97,3,1.925,1.2833333333333334,65.41,385.25,True,1.429510012433766
280,36,66,1.925,1.2833333333333334,65.41,11.68,False,0.960022928213633
280,73,27,1.925,1.2833333333333334,65.41,11.95,True,1.1354535554856047
280,92,8,1.925,1.2833333333333334,65.41,156.02,True,1.0386199274436434
280,97,3,1.925,1.2833333333333334,65.41,162.43,True,1.4593840117898504
320,36,66,1.925,1.2833333333333334,65.41,167.56,False,0.8003027372073284
320,73,27,1.925,1.2833333333333334,65.41,180.37,False,0.9506868552676891
320,92,8,1.925,1.2833333333333334,65.41,194.47,True,1.6234565187031729
320,97,3,1.925,1.2833333333333334,65.41,374.88,True,1.5157853889554893
80,100,0,0.65,0.43333333333333335,8.45,0.0,False,0.44633345538075836
90,100,0,0.65,0.43333333333333335,8.45,0.0,True,2.2205355796505906
100,100,0,0.65,0.43333333333333335,8.45,0.0,False,0.4308038586971035
150,100,0,0.65,0.43333333333333335,8.45,0.0,False,0.5402428860705795
210,100,0,0.65,0.43333333333333335,8.45,0.0,False,0.639883715915105
280,100,0,0.65,0.43333333333333335,8.45,0.0,False,0.6552223645993939
300,100,0,0.65,0.43333333333333335,8.45,0.0,False,0.5564482562371302
320,100,0,0.65,0.43333333333333335,8.45,0.0,False,0.6571750608383823
80,100,0,0.775,0.5166666666666667,8.45,0.0,False,0.46276013865496674
90,100,0,0.775,0.5166666666666667,8.45,0.0,False,0.4690959346942163
100,100,0,0.775,0.5166666666666667,8.45,0.0,False,0.4318467358026817
150,100,0,0.775,0.5166666666666667,8.45,0.0,False,0.627271746410881
210,100,0,0.775,0.5166666666666667,8.45,0.0,False,0.39484451121492903
280,100,0,0.775,0.5166666666666667,8.45,0.0,True,2.1681003782364727
320,100,0,0.775,0.5166666666666667,8.46,0.0,True,2.3313660080340055
80,100,0,0.975,0.65,8.45,0.0,False,0.7912571201591061
90,100,0,0.975,0.65,8.45,0.0,False,0.957929141225492
100,100,0,0.975,0.65,8.45,0.0,False,0.9296691475732868
150,100,0,0.975,0.65,8.45,0.0,False,0.6594558483370664
210,100,0,0.975,0.65,8.45,0.0,True,1.1096737013120634
280,100,0,0.975,0.65,8.45,0.0,True,1.5042746755478174
320,100,0,0.975,0.65,8.45,0.0,True,1.2762558788355722
80,100,0,1.285,0.8566666666666666,8.46,0.0,False,0.4576579567934168
100,100,0,1.285,0.8566666666666666,8.46,0.0,False,0.4368829823485897
300,100,0,1.285,0.8566666666666666,8.46,0.0,True,2.0192572779750875
80,100,0,1.8,1.2,8.58,0.0,True,1.5778938103638545
90,100,0,1.8,1.2,8.58,0.0,True,1.4105981571326591
100,100,0,1.8,1.2,8.58,0.0,True,1.503520376445486
150,100,0,1.8,1.2,8.58,0.0,True,2.012669742820074
210,100,0,1.8,1.2,8.58,0.0,True,2.219318118568438
280,100,0,1.8,1.2,8.58,0.0,True,2.11979562025982
320,100,0,1.8,1.2,8.58,0.0,True,2.4087733416831183
80,100,0,1.925,1.2833333333333334,8.58,0.0,True,1.9872974478424976
90,100,0,1.925,1.2833333333333334,8.58,0.0,True,1.1505341554293884
100,100,0,1.925,1.2833333333333334,8.58,0.0,True,1.6324129713618565
150,100,0,1.925,1.2833333333333334,8.58,0.0,True,1.840177834899565
210,100,0,1.925,1.2833333333333334,8.58,0.0,True,2.646909507359876
280,100,0,1.925,1.2833333333333334,8.58,0.0,True,2.704930568728488
300,100,0,1.925,1.2833333333333334,8.58,0.0,True,1.3477462675792193
320,100,0,1.925,1.2833333333333334,8.58,0.0,True,2.075954017452029
80,40,60,0.65,0.43333333333333335,8.45,0.01,False,0.5977268347953368
80,50,50,0.65,0.43333333333333335,8.45,0.01,False,0.6254472046307644
80,80,20,0.65,0.43333333333333335,8.45,0.01,False,0.5109714628658465
100,40,60,0.65,0.43333333333333335,8.45,0.01,False,0.5810201489491074
100,50,50,0.65,0.43333333333333335,8.45,0.01,False,0.5434559464663852
100,80,20,0.65,0.43333333333333335,8.45,0.01,False,0.4533869728879764
300,40,60,0.65,0.43333333333333335,8.45,0.01,False,0.714794519011764
300,50,50,0.65,0.43333333333333335,8.45,0.01,False,0.6214334736522229
300,80,20,0.65,0.43333333333333335,8.45,0.01,False,0.5992270948064204
80,40,60,1.285,0.8566666666666666,8.46,0.01,False,0.4690081822523493
80,50,50,1.285,0.8566666666666666,8.46,0.01,True,1.6533652483326007
80,80,20,1.285,0.8566666666666666,8.46,0.01,False,0.5283655573981884
100,40,60,1.285,0.8566666666666666,8.46,0.01,False,0.34160991206184577
100,50,50,1.285,0.8566666666666666,8.46,0.01,False,0.5262522931902888
100,80,20,1.285,0.8566666666666666,8.46,0.01,False,0.4408130166050283
300,40,60,1.285,0.8566666666666666,8.46,0.01,False,0.999373879200437
300,50,50,1.285,0.8566666666666666,8.46,0.01,True,1.2489993163648376
300,80,20,1.285,0.8566666666666666,8.46,0.01,True,1.2852052536906662
80,40,60,1.925,1.2833333333333334,8.58,0.01,True,1.46679666790853
80,50,50,1.925,1.2833333333333334,8.58,0.01,True,1.6385340414607206
80,80,20,1.925,1.2833333333333334,8.58,0.01,True,1.8748715265143934
100,40,60,1.925,1.2833333333333334,8.58,0.01,True,1.4670050514291042
100,50,50,1.925,1.2833333333333334,8.58,0.01,True,1.605048853058407
100,80,20,1.925,1.2833333333333334,8.58,0.01,True,1.7317642863091078
300,40,60,1.925,1.2833333333333334,8.58,0.01,True,1.1379057704581286
300,50,50,1.925,1.2833333333333334,8.58,0.01,True,1.8429516293701758
300,80,20,1.925,1.2833333333333334,8.58,0.01,True,2.2225643408494338
80,60,40,0.65,0.43333333333333335,8.45,8.46,False,0.9532131562902854
80,80,20,0.65,0.43333333333333335,8.45,8.46,True,1.9729963716112524
90,60,40,0.65,0.43333333333333335,8.45,8.46,False,0.8711691503239838
90,80,20,0.65,0.43333333333333335,8.45,8.46,False,0.8668268434102404
100,60,40,0.65,0.43333333333333335,8.45,8.46,False,0.8873911006930643
100,80,20,0.65,0.43333333333333335,8.45,8.46,False,0.6527136672400273
150,60,40,0.65,0.43333333333333335,8.45,8.46,False,0.8485285024848827
150,80,20,0.65,0.43333333333333335,8.45,8.46,True,1.3151241300510208
210,60,40,0.65,0.43333333333333335,8.45,8.46,True,1.1177888392979725
210,80,20,0.65,0.43333333333333335,8.45,8.46,True,1.2996100034945468
280,60,40,0.65,0.43333333333333335,8.45,8.46,False,0.7483888672454722
280,80,20,0.65,0.43333333333333335,8.45,8.46,False,0.9339015582965451
320,60,40,0.65,0.43333333333333335,8.45,8.46,False,0.9574621044649947
320,80,20,0.65,0.43333333333333335,8.45,8.46,False,0.5554834358063301
80,60,40,0.775,0.5166666666666667,8.45,8.46,True,1.0794407594782038
80,80,20,0.775,0.5166666666666667,8.45,8.46,True,1.1683787793496612
90,60,40,0.775,0.5166666666666667,8.45,8.46,False,0.9201174480352114
90,80,20,0.775,0.5166666666666667,8.45,8.46,False,0.774000099927921
100,60,40,0.775,0.5166666666666667,8.45,8.46,True,1.0917075633814393
100,80,20,0.775,0.5166666666666667,8.45,8.46,False,0.6639936999939121
150,60,40,0.775,0.5166666666666667,8.45,8.46,True,1.0479934131694901
150,80,20,0.775,0.5166666666666667,8.45,8.46,False,0.6774437292013394
210,60,40,0.775,0.5166666666666667,8.46,8.46,True,1.2929658501937815
210,80,20,0.775,0.5166666666666667,8.45,8.46,True,1.2393545040701526
280,60,40,0.775,0.5166666666666667,8.46,8.46,True,1.5588859694449773
280,80,20,0.775,0.5166666666666667,8.46,8.46,True,1.6757019451784778
320,60,40,0.775,0.5166666666666667,8.45,8.46,True,1.3104183031576697
320,80,20,0.775,0.5166666666666667,8.46,8.46,True,1.8042851201256735
80,60,40,0.975,0.65,8.45,8.46,True,2.217024336258517
80,80,20,0.975,0.65,8.45,8.46,False,0.9339229058721759
90,60,40,0.975,0.65,8.45,8.46,False,0.9967360961905042
90,80,20,0.975,0.65,8.45,8.46,False,0.8060800552991617
100,60,40,0.975,0.65,8.45,8.46,True,1.0131349441338617
100,80,20,0.975,0.65,8.45,8.46,False,0.6723285166240376
150,60,40,0.975,0.65,8.45,8.46,False,0.7755478891864356
150,80,20,0.975,0.65,8.45,8.46,True,1.19468125215987
210,60,40,0.975,0.65,8.45,8.46,False,0.7823696887887839
210,80,20,0.975,0.65,8.45,8.46,True,1.5217958517299388
280,60,40,0.975,0.65,8.45,8.46,False,0.9389428233068519
280,80,20,0.975,0.65,8.45,8.46,True,1.1695677006203693
320,60,40,0.975,0.65,8.45,8.46,False,0.7701694819256992
320,80,20,0.975,0.65,8.45,8.46,False,0.4963372851904167
80,60,40,1.8,1.2,8.58,8.58,True,1.6476879394612822
80,80,20,1.8,1.2,8.58,8.58,True,1.5767485000212493
90,60,40,1.8,1.2,8.58,8.58,True,1.4008310779606616
90,80,20,1.8,1.2,8.58,8.58,True,1.6914578411588848
100,60,40,1.8,1.2,8.58,8.58,True,1.3342311425635398
100,80,20,1.8,1.2,8.58,8.58,True,1.451119792119785
150,60,40,1.8,1.2,8.58,8.58,True,1.1382250010524664
150,80,20,1.8,1.2,8.58,8.58,True,1.2857294888690312
210,60,40,1.8,1.2,8.58,8.58,True,1.0567011659240992
210,80,20,1.8,1.2,8.58,8.58,True,1.5414074009641408
280,60,40,1.8,1.2,8.58,8.58,True,1.1825873913679628
280,80,20,1.8,1.2,8.58,8.58,True,1.4674336569640405
320,60,40,1.8,1.2,8.58,8.58,True,1.354115913816042
320,80,20,1.8,1.2,8.58,8.58,True,1.669266951215524
80,60,40,1.925,1.2833333333333334,8.58,8.58,True,1.334359542534476
80,80,20,1.925,1.2833333333333334,8.58,8.58,True,1.1006096921671005
90,60,40,1.925,1.2833333333333334,8.58,8.58,True,1.16837891361678
90,80,20,1.925,1.2833333333333334,8.58,8.58,True,1.345149374780385
100,60,40,1.925,1.2833333333333334,8.58,8.58,True,1.1308729206636128
100,80,20,1.925,1.2833333333333334,8.58,8.58,True,1.4363263614576312
150,60,40,1.925,1.2833333333333334,8.58,8.58,True,1.3110200634772833
150,80,20,1.925,1.2833333333333334,8.58,8.58,True,1.5876635285488745
210,60,40,1.925,1.2833333333333334,8.58,8.58,True,1.2786335936562634
210,80,20,1.925,1.2833333333333334,8.58,8.58,True,1.532540597052833
280,60,40,1.925,1.2833333333333334,8.58,8.58,True,1.1024694027421462
280,80,20,1.925,1.2833333333333334,8.58,8.58,True,1.3518090277186348
320,60,40,1.925,1.2833333333333334,8.58,8.58,True,1.2082180288224935
320,80,20,1.925,1.2833333333333334,8.58,8.58,True,1.3145604994677786
97,36,66,0.65,0.43333333333333335,0.01,27.35,False,0.9347971125673415
97,73,27,0.65,0.43333333333333335,7877.03,27.35,True,1.2494480659112652
97,92,8,0.65,0.43333333333333335,4840.39,27.35,True,1.366460590097715
170,36,66,0.65,0.43333333333333335,2791.89,27.35,True,1.350540953401973
170,73,27,0.65,0.43333333333333335,8999.93,27.35,True,1.3357447459220964
170,92,8,0.65,0.43333333333333335,4955.72,27.35,True,1.3855911071925533
320,36,66,0.65,0.43333333333333335,2649.31,27.35,True,1.390065343374772
320,73,27,0.65,0.43333333333333335,4814.11,27.35,True,1.3901645553515514
320,92,8,0.65,0.43333333333333335,5003.04,27.35,True,1.405239376520557
97,36,66,1.285,0.8566666666666666,18.42,44.98,True,1.3354618469009683
97,73,27,1.285,0.8566666666666666,7092.93,44.98,True,1.3112085691028994
97,92,8,1.285,0.8566666666666666,4704.69,44.98,True,1.3549225870032309
170,36,66,1.285,0.8566666666666666,2920.32,44.98,True,1.3989487979684558
170,73,27,1.285,0.8566666666666666,7624.03,44.98,True,1.3538233353354434
170,92,8,1.285,0.8566666666666666,4669.58,44.98,True,1.3726860095759228
320,36,66,1.285,0.8566666666666666,2734.56,44.98,True,1.414873218047331
320,73,27,1.285,0.8566666666666666,4614.49,44.98,True,1.3938072339293706
320,92,8,1.285,0.8566666666666666,4703.58,44.98,True,1.3759994954407615
97,36,66,1.925,1.2833333333333334,18.42,63.73,True,2.027570884331378
97,73,27,1.925,1.2833333333333334,0.01,63.73,True,1.349726317838022
97,92,8,1.925,1.2833333333333334,4990.76,63.73,True,1.3883220377773207
170,36,66,1.925,1.2833333333333334,2786.86,63.73,True,1.3026514094839696
170,73,27,1.925,1.2833333333333334,7976.46,63.73,True,1.3708792074898883
170,92,8,1.925,1.2833333333333334,4849.69,63.73,True,1.398428731980085
320,36,66,1.925,1.2833333333333334,2667.66,63.73,False,0.9124657719555157
320,73,27,1.925,1.2833333333333334,13355.44,63.73,True,1.401506861790504
320,92,8,1.925,1.2833333333333334,5316.17,63.73,True,1.3920895162268987
80,36,66,0.65,0.43333333333333335,0.01,4.1,True,1.3510350521859775
80,73,27,0.65,0.43333333333333335,2304.49,4.1,True,1.4114802332378693
80,92,8,0.65,0.43333333333333335,2166.79,4.1,True,1.3750516156413386
90,36,66,0.65,0.43333333333333335,1114.97,4.1,True,1.4029197424639364
90,73,27,0.65,0.43333333333333335,4270.91,4.1,True,1.3925480563218418
90,92,8,0.65,0.43333333333333335,2124.47,4.1,True,1.3836221822242232
100,36,66,0.65,0.43333333333333335,1120.38,4.1,True,1.3513561114440815
100,73,27,0.65,0.43333333333333335,4258.54,4.1,True,1.393332460361225
100,92,8,0.65,0.43333333333333335,2163.74,4.1,True,1.3926182648387944
150,36,66,0.65,0.43333333333333335,1192.75,4.1,True,1.0361287392224545
150,73,27,0.65,0.43333333333333335,19469.05,4.1,True,1.3987936907135454
150,92,8,0.65,0.43333333333333335,2800.43,4.1,True,1.3618973383104858
210,36,66,0.65,0.43333333333333335,1190.28,4.1,True,1.331873129029368
210,73,27,0.65,0.43333333333333335,5750.26,4.1,True,1.424682177234761
210,92,8,0.65,0.43333333333333335,2282.85,4.1,True,1.373917165531604
280,36,66,0.65,0.43333333333333335,1029.2,4.1,False,0.8455713175659354
280,73,27,0.65,0.43333333333333335,9373.09,4.1,True,1.439561630005388
280,92,8,0.65,0.43333333333333335,2415.38,4.1,True,1.4199219062194102
320,36,66,0.65,0.43333333333333335,12731.39,4.1,True,1.514048902847892
320,73,27,0.65,0.43333333333333335,4285.51,4.1,True,1.4551502081471959
320,92,8,0.65,0.43333333333333335,4459.59,4.1,True,1.4059642036512014
80,36,66,0.775,0.5166666666666667,1185.8,4.65,True,1.3171182080381378
80,73,27,0.775,0.5166666666666667,4234.47,4.65,True,1.3963722799559073
80,92,8,0.775,0.5166666666666667,2075.94,4.65,True,1.3939486942522732
90,36,66,0.775,0.5166666666666667,1099.3,4.65,False,0.8854070415549818
90,73,27,0.775,0.5166666666666667,4267.45,4.65,True,1.3998948450552888
90,92,8,0.775,0.5166666666666667,2161.48,4.65,True,1.3850643527227526
100,36,66,0.775,0.5166666666666667,1142.86,4.65,True,1.359464074757605
100,73,27,0.775,0.5166666666666667,4154.67,4.65,True,1.3891172496284423
100,92,8,0.775,0.5166666666666667,2218.71,4.65,True,1.3929514146084185
150,36,66,0.775,0.5166666666666667,1127.98,4.65,True,1.3804098166809344
150,73,27,0.775,0.5166666666666667,4742.7,4.65,True,1.4141044914269214
150,92,8,0.775,0.5166666666666667,2252.96,4.65,True,1.5171487949027302
210,36,66,0.775,0.5166666666666667,1032.5,4.65,True,1.436053978825972
210,73,27,0.775,0.5166666666666667,4254.22,4.65,True,1.437447264058982
210,92,8,0.775,0.5166666666666667,2193.8,4.65,True,1.3660096656574576
280,36,66,0.775,0.5166666666666667,18.41,4.65,True,1.55048100932081
280,73,27,0.775,0.5166666666666667,18.41,4.65,True,1.4825921645558835
280,92,8,0.775,0.5166666666666667,1087.87,4.65,True,1.3782810610702254
320,36,66,0.775,0.5166666666666667,5066.52,4.65,True,1.4890525936513483
320,73,27,0.775,0.5166666666666667,18.41,4.65,False,0.9701659407493323
320,92,8,0.775,0.5166666666666667,0.01,4.65,False,0.9013164422158325
80,36,66,0.975,0.65,1138.93,5.53,True,1.3424792593648807
80,73,27,0.975,0.65,18.41,5.53,True,1.4051307205521184
80,92,8,0.975,0.65,2277.65,5.53,True,1.3995769876538575
90,36,66,0.975,0.65,1049.39,5.53,True,1.3667640446221117
90,73,27,0.975,0.65,4314.09,5.53,True,1.4321646002720154
90,92,8,0.975,0.65,2426.14,5.53,True,1.3835924073127273
100,36,66,0.975,0.65,1115.42,5.53,True,1.3473399343419588
100,73,27,0.975,0.65,4315.77,5.53,True,1.366208816729416
100,92,8,0.975,0.65,2423.91,5.53,True,1.396439114822147
150,36,66,0.975,0.65,5394.97,5.53,True,1.3623834421353112
150,73,27,0.975,0.65,18.42,5.53,True,1.4444129577697853
150,92,8,0.975,0.65,2448.64,5.53,False,0.9261526189721957
210,36,66,0.975,0.65,9288.31,5.53,True,1.4314418450161515
210,73,27,0.975,0.65,1058.39,5.53,True,1.4247301194349624
210,92,8,0.975,0.65,4484.19,5.53,True,1.37680690255841
280,36,66,0.975,0.65,2203.13,5.53,True,1.3809463512730427
280,73,27,0.975,0.65,2315.65,5.53,True,1.6724444729242205
280,92,8,0.975,0.65,1044.6,5.53,True,1.430266156872044
320,36,66,0.975,0.65,1059.61,5.53,True,1.4388676240319347
320,73,27,0.975,0.65,3630.44,5.53,True,1.4087814458400882
320,92,8,0.975,0.65,2247.49,5.53,False,0.8996850477199394
80,36,66,1.8,1.2,18.42,9.28,True,1.3074283082777365
80,73,27,1.8,1.2,1108.24,9.28,True,1.3835466277011943
80,92,8,1.8,1.2,4340.25,9.28,True,1.3912263604019002
90,36,66,1.8,1.2,2208.99,9.28,True,1.2578542926513396
90,73,27,1.8,1.2,1113.29,9.28,True,1.3685643474098983
90,92,8,1.8,1.2,3813.3,9.28,True,1.3945148849161286
100,36,66,1.8,1.2,2216.04,9.28,True,1.2471405241752473
100,73,27,1.8,1.2,1077.39,9.28,True,1.367525496872135
100,92,8,1.8,1.2,3746.26,9.28,True,1.3860620129321806
150,36,66,1.8,1.2,1026.4,9.28,True,1.23801338063428
150,73,27,1.8,1.2,2184.07,9.28,True,1.2332197414116568
150,92,8,1.8,1.2,18.41,9.28,True,1.4023921909674062
210,36,66,1.8,1.2,2289.06,9.28,True,1.271116204713871
210,73,27,1.8,1.2,1193.87,9.28,False,0.9231619451080785
210,92,8,1.8,1.2,9538.89,9.28,True,1.4039477046924984
280,36,66,1.8,1.2,4982.58,9.28,True,1.0906615489498934
280,73,27,1.8,1.2,1134.83,9.28,True,1.2987692582542298
280,92,8,1.8,1.2,3243.27,9.28,False,0.8822750729910539
320,36,66,1.8,1.2,2378.63,9.28,False,0.6823291835163118
320,73,27,1.8,1.2,1623.85,9.28,True,1.3830713357861657
320,92,8,1.8,1.2,1644.26,9.28,True,1.3757127982719164
80,36,66,1.925,1.2833333333333334,18.41,9.83,True,1.2087636992742643
80,73,27,1.925,1.2833333333333334,1127.1,9.83,True,1.3772194911011688
80,92,8,1.925,1.2833333333333334,3636.32,9.83,True,1.395954330376583
90,36,66,1.925,1.2833333333333334,2291.62,9.83,True,1.2387651761432434
90,73,27,1.925,1.2833333333333334,1156.94,9.83,True,1.3922271405608435
90,92,8,1.925,1.2833333333333334,3630.13,9.83,True,1.3965852007774802
100,36,66,1.925,1.2833333333333334,2288.13,9.83,True,1.2286030899825378
100,73,27,1.925,1.2833333333333334,1103.17,9.83,True,1.371182662256744
100,92,8,1.925,1.2833333333333334,2048.63,9.83,True,1.391557066129104
150,36,66,1.925,1.2833333333333334,2257.62,9.83,True,1.2599451834804631
150,73,27,1.925,1.2833333333333334,18.41,9.83,True,1.428480627948439
150,92,8,1.925,1.2833333333333334,3935.67,9.83,True,1.4142030887194768
210,36,66,1.925,1.2833333333333334,2062.11,9.83,True,1.3365602408885198
210,73,27,1.925,1.2833333333333334,1212.14,9.83,True,1.3910085894557902
210,92,8,1.925,1.2833333333333334,18.41,9.83,True,1.4148129421442037
280,36,66,1.925,1.2833333333333334,18.42,9.83,True,1.019873211733061
280,73,27,1.925,1.2833333333333334,2080.75,9.83,True,1.3909165243495634
280,92,8,1.925,1.2833333333333334,2449.03,9.83,True,1.4212211309398008
320,36,66,1.925,1.2833333333333334,1218.99,9.83,True,1.3184865986572107
320,73,27,1.925,1.2833333333333334,3972.66,9.83,True,1.4185427050267492
320,92,8,1.925,1.2833333333333334,1993.61,9.83,True,1.3879376754997828
80,100,0,0.65,0.43333333333333335,18.41,0.0,False,0.4890926604782618
90,100,0,0.65,0.43333333333333335,18.41,0.0,False,0.481890082409712
100,100,0,0.65,0.43333333333333335,16455.98,0.0,False,0.5067725096433394
150,100,0,0.65,0.43333333333333335,18.41,0.0,False,0.5789385558343723
210,100,0,0.65,0.43333333333333335,18.41,0.0,False,0.5761386691398815
280,100,0,0.65,0.43333333333333335,18.41,0.0,False,0.6587922162714294
320,100,0,0.65,0.43333333333333335,18.41,0.0,False,0.6994622823695353
80,100,0,0.775,0.5166666666666667,18.41,0.0,False,0.4815330681981175
90,100,0,0.775,0.5166666666666667,18.41,0.0,False,0.4582950673475118
97,100,0,0.775,0.5166666666666667,18.41,0.0,False,0.4441972605829538
100,100,0,0.775,0.5166666666666667,18.41,0.0,False,0.4877100131586644
150,100,0,0.775,0.5166666666666667,18.41,0.0,False,0.6140401004242914
170,100,0,0.775,0.5166666666666667,18.41,0.0,False,0.502042575751189
210,100,0,0.775,0.5166666666666667,18.41,0.0,False,0.5470514350079919
280,100,0,0.775,0.5166666666666667,9582.93,0.0,False,0.6304055014256367
320,100,0,0.775,0.5166666666666667,18.41,0.0,False,0.6290901361401529
80,100,0,0.975,0.65,18.41,0.0,False,0.46443050690724874
90,100,0,0.975,0.65,18.41,0.0,False,0.48942025893335395
97,100,0,0.975,0.65,18.42,0.0,False,0.38842632065299354
100,100,0,0.975,0.65,18.41,0.0,False,0.47298096568167614
150,100,0,0.975,0.65,18.41,0.0,False,0.5396692248967849
170,100,0,0.975,0.65,18.42,0.0,False,0.4859926706167376
210,100,0,0.975,0.65,18.42,0.0,False,0.49027066861310586
280,100,0,0.975,0.65,18.42,0.0,False,0.6372136406493565
320,100,0,0.975,0.65,18.42,0.0,False,0.3949746961162288
97,100,0,1.285,0.8566666666666666,18.41,0.0,False,0.49303886467348834
170,100,0,1.285,0.8566666666666666,18.41,0.0,False,0.6156615058341034
210,100,0,1.285,0.8566666666666666,18.41,0.0,False,0.6537583902500477
320,100,0,1.285,0.8566666666666666,18.41,0.0,False,0.7246342033099094
80,100,0,1.8,1.2,0.01,0.0,False,0.2842389200499096
90,100,0,1.8,1.2,18.42,0.0,False,0.44184679254153814
97,100,0,1.8,1.2,18.41,0.0,False,0.458675247503927
100,100,0,1.8,1.2,18.42,0.0,False,0.2979099517572182
150,100,0,1.8,1.2,18.42,0.0,False,0.31817374714668517
170,100,0,1.8,1.2,18.41,0.0,False,0.5140482420768623
210,100,0,1.8,1.2,18.41,0.0,False,0.37232154201766565
280,100,0,1.8,1.2,18.42,0.0,False,0.4023553793697864
320,100,0,1.8,1.2,18.41,0.0,False,0.3954276867785404
80,100,0,1.925,1.2833333333333334,18.42,0.0,False,0.4777261921395374
90,100,0,1.925,1.2833333333333334,18.42,0.0,False,0.46909102492762295
100,100,0,1.925,1.2833333333333334,18.42,0.0,False,0.47348373481018785
150,100,0,1.925,1.2833333333333334,18.42,0.0,False,0.3127770121281132
210,100,0,1.925,1.2833333333333334,18.42,0.0,False,0.5443246986053145
280,100,0,1.925,1.2833333333333334,18.42,0.0,False,0.6371148507692049
320,100,0,1.925,1.2833333333333334,18.41,0.0,False,0.4583038917442602
80,36,66,0.65,0.43333333333333335,18.41,429.71,True,1.090895146087404
80,73,27,0.65,0.43333333333333335,18.41,413.92,False,0.8281099849631534
80,86,14,0.65,0.43333333333333335,18.41,381.7,True,1.7858909220669492
80,92,8,0.65,0.43333333333333335,18.41,429.99,True,2.1438116179754982
90,36,66,0.65,0.43333333333333335,18.41,421.47,False,0.82684765380367
90,73,27,0.65,0.43333333333333335,18.41,421.47,False,0.5058735183551034
90,86,14,0.65,0.43333333333333335,18.41,421.47,True,1.1310475260141846
90,92,8,0.65,0.43333333333333335,18.41,421.47,False,0.3483153748304302
100,36,66,0.65,0.43333333333333335,18.41,353.75,False,0.5729317532172147
100,73,27,0.65,0.43333333333333335,18.41,421.53,False,0.6344771211977155
100,86,14,0.65,0.43333333333333335,18.41,353.75,True,2.2868290137619165
100,92,8,0.65,0.43333333333333335,18.41,353.75,False,0.7361354741788457
150,36,66,0.65,0.43333333333333335,18.41,393.2,True,1.2023285703715583
150,73,27,0.65,0.43333333333333335,18.41,421.78,False,0.5214222795970029
150,86,14,0.65,0.43333333333333335,18.41,421.78,True,1.34261554855052
150,92,8,0.65,0.43333333333333335,18.41,421.78,False,0.5205366342294379
210,36,66,0.65,0.43333333333333335,18.41,445.64,True,1.0522100428846857
210,73,27,0.65,0.43333333333333335,18.41,433.78,False,0.5482659970999455
210,86,14,0.65,0.43333333333333335,18.41,433.78,True,1.0518838917255573
210,92,8,0.65,0.43333333333333335,18.41,369.9,False,0.9986702749958467
280,36,66,0.65,0.43333333333333335,18.41,370.07,False,0.8048094998596206
280,73,27,0.65,0.43333333333333335,18.41,370.07,False,0.34586778206904223
280,86,14,0.65,0.43333333333333335,18.41,370.07,False,0.5607082489319588
280,92,8,0.65,0.43333333333333335,18.41,370.07,False,0.6057488124335527
320,36,66,0.65,0.43333333333333335,18.41,405.51,False,0.6161687821526133
320,73,27,0.65,0.43333333333333335,18.41,405.51,False,0.4094865710318788
320,86,14,0.65,0.43333333333333335,18.41,405.51,False,0.9940691303452597
320,92,8,0.65,0.43333333333333335,18.41,405.51,False,0.6005075236892838
80,36,66,0.775,0.5166666666666667,18.41,426.62,False,0.6121220181314598
80,73,27,0.775,0.5166666666666667,18.41,438.34,False,0.6878252810682618
80,86,14,0.775,0.5166666666666667,18.41,420.97,True,1.0297376578397022
80,92,8,0.775,0.5166666666666667,18.41,432.99,True,1.120661532697237
90,36,66,0.775,0.5166666666666667,18.41,465.03,True,1.272851074820976
90,73,27,0.775,0.5166666666666667,18.41,381.86,True,1.2048397481027409
90,86,14,0.775,0.5166666666666667,18.41,457.02,False,0.9666656043870137
90,92,8,0.775,0.5166666666666667,18.41,457.02,False,0.6982401305056465
97,36,66,0.775,0.5166666666666667,18.41,456.9,False,0.9467399417832739
97,73,27,0.775,0.5166666666666667,18.41,456.9,True,1.1691771355761675
97,86,14,0.775,0.5166666666666667,18.41,456.9,True,1.3308685154440125
97,92,8,0.775,0.5166666666666667,18.41,456.9,False,0.8734948084247327
100,36,66,0.775,0.5166666666666667,18.41,369.56,False,0.6741836018910866
100,73,27,0.775,0.5166666666666667,18.41,369.56,False,0.47700361774477823
100,86,14,0.775,0.5166666666666667,18.41,369.56,True,1.2996060045053672
100,92,8,0.775,0.5166666666666667,18.41,369.56,False,0.6270781815990818
150,36,66,0.775,0.5166666666666667,18.41,413.96,False,0.9936445544158155
150,73,27,0.775,0.5166666666666667,18.41,381.86,False,0.5739167480855437
150,86,14,0.775,0.5166666666666667,18.41,381.86,True,1.2492587341668313
150,92,8,0.775,0.5166666666666667,18.42,348.33,False,0.6281320278087676
170,36,66,0.775,0.5166666666666667,18.41,456.9,True,1.22985842650468
170,73,27,0.775,0.5166666666666667,18.41,456.9,True,1.0333599287616777
170,86,14,0.775,0.5166666666666667,18.41,456.9,False,0.7593018307635971
170,92,8,0.775,0.5166666666666667,18.41,456.9,True,1.6210065377522067
210,36,66,0.775,0.5166666666666667,18.41,476.74,True,1.4340198920071432
210,73,27,0.775,0.5166666666666667,18.41,480.71,False,0.9687755076614072
210,86,14,0.775,0.5166666666666667,18.41,488.65,True,1.5324723797344257
210,92,8,0.775,0.5166666666666667,18.41,492.61,True,1.0365194400917088
280,36,66,0.775,0.5166666666666667,18.41,449.01,True,1.0307546540048436
280,73,27,0.775,0.5166666666666667,18.41,381.86,True,1.3356704197841083
280,86,14,0.775,0.5166666666666667,18.41,11.87,True,1.272230018690776
280,92,8,0.775,0.5166666666666667,2302.09,301.13,False,0.47599423485021986
320,36,66,0.775,0.5166666666666667,18.41,456.9,True,1.1803836695326855
320,73,27,0.775,0.5166666666666667,18.41,456.9,True,1.202133591338518
320,86,14,0.775,0.5166666666666667,18.41,460.87,True,1.0888529327687364
320,92,8,0.775,0.5166666666666667,18.41,468.81,True,1.8647193993419668
80,36,66,0.975,0.65,18.41,360.57,True,1.0929562397094759
80,73,27,0.975,0.65,18.41,360.57,False,0.8799859499625642
80,86,14,0.975,0.65,34414.94,11.33,False,0.6393235594688513
80,92,8,0.975,0.65,18.41,360.57,False,0.7583274605360253
90,36,66,0.975,0.65,18.41,360.57,True,1.0978792636315855
90,73,27,0.975,0.65,18.41,360.57,False,0.9371527674528916
90,86,14,0.975,0.65,18.41,385.77,False,0.9368562628334676
90,92,8,0.975,0.65,18.41,373.86,True,1.0719914236298516
97,36,66,0.975,0.65,0.01,11.6,False,0.627866090538253
97,73,27,0.975,0.65,18.42,142.7,False,0.7646566905524462
97,86,14,0.975,0.65,18.42,157.0,False,0.8410479330962771
97,92,8,0.975,0.65,18.42,169.26,False,0.8352653298017347
100,36,66,0.975,0.65,18.41,357.97,False,0.9127731072000501
100,73,27,0.975,0.65,18.41,354.0,True,1.232177158505778
100,86,14,0.975,0.65,18.41,354.0,False,0.9119935756932556
100,92,8,0.975,0.65,18.41,354.0,False,0.7669517885110394
150,36,66,0.975,0.65,18.41,280.04,True,1.2896842874020267
150,73,27,0.975,0.65,18.41,254.08,True,1.1232706805090802
150,86,14,0.975,0.65,18.41,224.6,False,0.815818044793868
150,92,8,0.975,0.65,3635.62,187.11,True,1.1258603716463993
170,36,66,0.975,0.65,18.42,180.17,False,0.8447215865873452
170,73,27,0.975,0.65,18.42,193.8,False,0.9732908456217315
170,86,14,0.975,0.65,18.42,206.07,True,1.1022063771022423
170,92,8,0.975,0.65,18.42,214.24,True,1.1069403935134228
210,36,66,0.975,0.65,18.42,253.07,False,0.9448925275185319
210,73,27,0.975,0.65,18.42,261.25,False,0.9591495404819583
210,86,14,0.975,0.65,18.42,268.07,True,1.2119490998009335
210,92,8,0.975,0.65,18.42,272.16,True,1.126062466302331
280,36,66,0.975,0.65,18.41,360.57,False,0.9020671080291752
280,73,27,0.975,0.65,18.41,360.57,False,0.975070308888078
280,86,14,0.975,0.65,18.41,360.57,True,1.0566194762098662
280,92,8,0.975,0.65,18.42,11.71,False,0.7232929819721285
320,36,66,0.975,0.65,18.42,221.06,False,0.9804556007991821
320,73,27,0.975,0.65,18.42,231.27,False,0.9639943900960728
320,86,14,0.975,0.65,18.42,239.44,True,1.0564484094759263
320,92,8,0.975,0.65,18.42,246.26,False,0.7232731439121036
97,36,66,1.285,0.8566666666666666,0.01,189.92,False,0.7087099266797422
97,73,27,1.285,0.8566666666666666,18.41,201.26,False,0.7324727362711443
97,86,14,1.285,0.8566666666666666,18.41,209.5,False,0.8599626604040952
97,92,8,1.285,0.8566666666666666,18.41,215.8,False,0.8572093219472552
170,36,66,1.285,0.8566666666666666,18.41,222.09,False,0.9447005431997726
170,73,27,1.285,0.8566666666666666,18.41,229.65,False,0.6695979450370353
170,86,14,1.285,0.8566666666666666,18.41,237.21,True,1.0368440338736076
170,92,8,1.285,0.8566666666666666,18.41,242.25,False,0.7807873099763465
210,36,66,1.285,0.8566666666666666,18.41,368.03,False,0.8814773257989517
210,73,27,1.285,0.8566666666666666,18.41,368.03,True,1.1817151489347428
210,86,14,1.285,0.8566666666666666,18.41,368.03,True,1.1211377168287993
210,92,8,1.285,0.8566666666666666,18.41,368.03,True,1.0239719207586615
320,36,66,1.285,0.8566666666666666,18.41,368.03,False,0.9647402767600767
320,73,27,1.285,0.8566666666666666,18.41,368.03,False,0.8167149385088605
320,86,14,1.285,0.8566666666666666,18.41,368.03,False,0.8780742615705814
320,92,8,1.285,0.8566666666666666,18.41,368.03,False,0.9372176109122926
80,36,66,1.8,1.2,18.41,477.43,True,1.0671965315237828
80,73,27,1.8,1.2,18.41,323.64,False,0.608316144160101
80,86,14,1.8,1.2,18.41,236.61,True,1.164348092341441
80,92,8,1.8,1.2,18.42,443.24,False,0.8962433134572994
90,36,66,1.8,1.2,18.42,11.42,False,0.7361856399297854
90,73,27,1.8,1.2,18.42,11.69,False,0.8545900501584682
90,86,14,1.8,1.2,18.42,176.3,False,0.8742042843167721
90,92,8,1.8,1.2,18.42,191.19,True,1.023537000647764
97,36,66,1.8,1.2,18.41,11.69,False,0.8837049785616975
97,73,27,1.8,1.2,18.41,11.87,True,1.0020815585634144
97,86,14,1.8,1.2,18.41,12.0,True,1.1384650086568195
97,92,8,1.8,1.2,18.41,12.27,True,1.2852608294618255
100,36,66,1.8,1.2,18.42,428.52,True,1.0473062794856411
100,73,27,1.8,1.2,18.42,417.39,False,0.9085120224841654
100,86,14,1.8,1.2,18.42,340.63,False,0.8936207222849876
100,92,8,1.8,1.2,18.42,340.63,False,0.9207075992150291
150,36,66,1.8,1.2,18.42,340.63,False,0.6666848203198042
150,73,27,1.8,1.2,18.42,357.73,False,0.9901591606465766
150,86,14,1.8,1.2,18.42,362.17,False,0.9158234484325822
150,92,8,1.8,1.2,18.42,362.17,True,1.036109206620744
170,36,66,1.8,1.2,18.41,139.4,True,1.2879632617005046
170,73,27,1.8,1.2,18.41,146.11,False,0.8436731271763541
170,86,14,1.8,1.2,18.41,153.49,True,1.3357028722340405
170,92,8,1.8,1.2,18.41,157.52,False,0.9935203496753703
210,36,66,1.8,1.2,18.41,183.01,False,0.662136817893903
210,73,27,1.8,1.2,18.41,188.38,True,1.3167378120663402
210,86,14,1.8,1.2,18.41,193.75,True,1.1648275366186431
210,92,8,1.8,1.2,18.41,196.43,True,1.1478527002837644
280,36,66,1.8,1.2,18.42,362.17,True,1.0574992813717305
280,73,27,1.8,1.2,18.42,376.89,True,1.0334776610787122
280,86,14,1.8,1.2,18.42,391.62,True,1.1051179294701545
280,92,8,1.8,1.2,18.42,402.66,True,1.0133350793904183
320,36,66,1.8,1.2,18.41,162.89,True,1.0811501028886645
320,73,27,1.8,1.2,18.41,169.59,True,1.3151842708211035
320,86,14,1.8,1.2,18.41,174.96,False,0.9737535829938166
320,92,8,1.8,1.2,18.41,178.99,False,0.7590135919075444
80,36,66,1.925,1.2833333333333334,18.42,185.03,True,1.2683977142920688
80,73,27,1.925,1.2833333333333334,18.42,189.15,False,0.9824734052843156
80,86,14,1.925,1.2833333333333334,18.42,193.27,True,1.0857004310086331
80,92,8,1.925,1.2833333333333334,18.42,197.4,True,1.0755151473412967
90,36,66,1.925,1.2833333333333334,18.42,182.29,False,0.7443023819355883
90,73,27,1.925,1.2833333333333334,18.42,176.79,True,1.0250560232915427
90,86,14,1.925,1.2833333333333334,18.42,171.74,True,1.0907424476154546
90,92,8,1.925,1.2833333333333334,18.42,11.79,True,1.1012229663931377
100,36,66,1.925,1.2833333333333334,18.42,205.64,True,1.3309486871830714
100,73,27,1.925,1.2833333333333334,18.42,167.89,False,0.9858017257130886
100,86,14,1.925,1.2833333333333334,18.42,158.31,False,0.8961944959943167
100,92,8,1.925,1.2833333333333334,18.42,202.89,False,0.9553875365215521
150,36,66,1.925,1.2833333333333334,18.42,142.69,False,0.8824231040429037
150,73,27,1.925,1.2833333333333334,18.42,172.01,True,1.1292367074724516
150,86,14,1.925,1.2833333333333334,18.42,200.14,True,1.03756748108973
150,92,8,1.925,1.2833333333333334,18.42,162.39,True,1.0211716280932084
210,36,66,1.925,1.2833333333333334,0.01,11.81,True,1.1983362689814339
210,73,27,1.925,1.2833333333333334,18.42,12.11,False,0.9330847968449824
210,86,14,1.925,1.2833333333333334,18.42,149.36,True,1.1966413642885902
210,92,8,1.925,1.2833333333333334,18.42,162.39,True,1.0074516023024078
280,36,66,1.925,1.2833333333333334,18.42,172.01,False,0.6242245686424265
280,73,27,1.925,1.2833333333333334,18.42,156.9,False,0.8307602735944062
280,86,14,1.925,1.2833333333333334,18.42,195.36,True,1.0398540195821986
280,92,8,1.925,1.2833333333333334,18.42,184.37,False,0.9426902886729653
320,36,66,1.925,1.2833333333333334,18.42,156.9,True,1.0272920590968544
320,73,27,1.925,1.2833333333333334,18.42,156.9,False,0.8383867871594485
320,86,14,1.925,1.2833333333333334,18.42,156.9,False,0.9931220037199123
320,92,8,1.925,1.2833333333333334,18.41,199.59,False,0.8983236831870011
90,75,25,0.65,0.43333333333333335,27.2,8.46,True,1.0845849114721064
80,25,75,1.925,1.2833333333333334,63.58,8.58,False,0.9117334559915578
80,75,25,1.925,1.2833333333333334,63.58,8.58,True,1.148506684667028
80,85,15,1.925,1.2833333333333334,63.58,8.58,True,1.3395061169616946
100,25,75,1.925,1.2833333333333334,63.58,8.58,True,1.2968377243382665
100,75,25,1.925,1.2833333333333334,63.58,8.58,True,1.2590808753967209
100,85,15,1.925,1.2833333333333334,63.58,8.58,True,1.6865007543390516
300,25,75,1.925,1.2833333333333334,63.58,8.58,False,0.7158640719394723
300,75,25,1.925,1.2833333333333334,63.58,8.58,True,1.5533050733046323
300,85,15,1.925,1.2833333333333334,63.58,8.58,True,1.4427905075843228
80,25,75,2.575,1.7166666666666668,81.21,8.58,False,0.9594779173816778
80,75,25,2.575,1.7166666666666668,81.21,8.58,True,1.2013898537204244
80,85,15,2.575,1.7166666666666668,81.21,8.58,True,1.3233813722080239
100,25,75,2.575,1.7166666666666668,81.21,8.58,True,1.150284821681223
100,75,25,2.575,1.7166666666666668,81.21,8.58,True,1.2252139606963524
100,85,15,2.575,1.7166666666666668,81.21,8.58,True,1.7827531092712
300,25,75,2.575,1.7166666666666668,81.21,8.58,False,0.7949899573147632
300,75,25,2.575,1.7166666666666668,81.21,8.58,True,1.2831503752247906
300,85,15,2.575,1.7166666666666668,81.21,8.58,True,1.412750943916213
80,30,70,0.65,0.43333333333333335,17.83,44952.39,False,0.6719920192351928
80,72,28,0.65,0.43333333333333335,17.83,58396.53,False,0.7784292626552999
80,89,11,0.65,0.43333333333333335,17.83,70821.44,True,1.0215321398201584
90,30,70,0.65,0.43333333333333335,17.84,80664.68,True,1.056228960552306
90,72,28,0.65,0.43333333333333335,17.84,90621.74,False,0.9035213692330124
90,89,11,0.65,0.43333333333333335,17.84,100081.72,False,0.9131038825928871
97,30,70,0.65,0.43333333333333335,17.83,440.15,False,0.9996091182917134
97,72,28,0.65,0.43333333333333335,17.83,26648.75,True,1.3927221313772884
97,89,11,0.65,0.43333333333333335,17.83,33613.96,True,1.2552516333373662
170,30,70,0.65,0.43333333333333335,17.84,39640.61,True,1.1432210836404555
170,72,28,0.65,0.43333333333333335,17.84,45937.74,True,1.0941739144544687
170,89,11,0.65,0.43333333333333335,17.84,51737.22,True,1.0446183547657206
280,30,70,0.65,0.43333333333333335,17.83,3734.79,False,0.6931159102957106
280,89,11,0.65,0.43333333333333335,17.83,483.51,False,0.9987552098253505
320,30,70,0.65,0.43333333333333335,17.84,57329.9,True,1.0937276233449003
320,72,28,0.65,0.43333333333333335,17.84,64072.8,True,1.1544393122536867
320,89,11,0.65,0.43333333333333335,17.84,70402.56,False,0.9700839722790308
97,30,70,1.285,0.8566666666666666,26.65,21077.21,False,0.7621696693800393
97,72,28,1.285,0.8566666666666666,26.65,22465.77,True,1.7835516812910932
97,89,11,1.285,0.8566666666666666,26.65,23757.85,True,1.6910374212732369
170,30,70,1.285,0.8566666666666666,26.65,24964.15,True,1.5016180943427526
170,72,28,1.285,0.8566666666666666,26.65,26362.6,True,1.3999275131408742
170,89,11,1.285,0.8566666666666666,26.65,27754.09,True,1.1924627231551888
320,30,70,1.285,0.8566666666666666,26.65,29083.96,True,1.3066076223446876
320,72,28,1.285,0.8566666666666666,26.65,30693.21,True,1.3466590336093056
320,89,11,1.285,0.8566666666666666,26.65,32256.39,True,1.3632322885304602
97,30,70,1.925,1.2833333333333334,36.09,19572.66,True,1.249351285138284
97,72,28,1.925,1.2833333333333334,36.09,20641.56,False,0.9962627284112597
97,89,11,1.925,1.2833333333333334,36.09,21683.93,True,1.235702875456912
170,30,70,1.925,1.2833333333333334,36.09,22701.13,True,1.051881642554411
170,72,28,1.925,1.2833333333333334,36.09,23853.3,False,0.8904524182781737
170,89,11,1.925,1.2833333333333334,36.09,24989.33,False,0.9736358488146735
320,30,70,1.925,1.2833333333333334,36.09,26090.36,True,1.0684775762371554
320,72,28,1.925,1.2833333333333334,36.09,27383.31,False,0.9729794409474357
320,89,11,1.925,1.2833333333333334,36.09,28638.17,True,2.2455651411316726
90,23,77,1.285,0.8566666666666666,26.65,63.32,False,0.6348703358668489
90,72,28,1.285,0.8566666666666666,26.65,71.52,False,0.7228034299126523
90,89,11,1.285,0.8566666666666666,26.65,82.21,False,0.8301122414065767
150,23,77,1.285,0.8566666666666666,26.65,1451.46,False,0.7784198977988045
150,72,28,1.285,0.8566666666666666,26.65,1587.92,False,0.8559241474978831
150,89,11,1.285,0.8566666666666666,26.65,1705.13,False,0.9219789254149291
280,23,77,1.285,0.8566666666666666,26.65,1808.98,True,1.0171242568119025
280,72,28,1.285,0.8566666666666666,26.65,1927.38,False,0.8900560310266395
280,89,11,1.285,0.8566666666666666,26.65,2042.27,False,0.9954609369881589
90,23,77,1.925,1.2833333333333334,36.09,63.4,False,0.9753676808632673
90,72,28,1.925,1.2833333333333334,36.09,68.71,True,1.1278254482989687
90,89,11,1.925,1.2833333333333334,36.09,73.14,True,1.1366538934183112
150,23,77,1.925,1.2833333333333334,36.09,80.15,True,1.0258252307114784
150,72,28,1.925,1.2833333333333334,36.09,1551.46,True,1.2075621211949354
150,89,11,1.925,1.2833333333333334,36.09,1640.05,True,1.2221124493371278
280,23,77,1.925,1.2833333333333334,36.09,1719.46,False,0.9934004571096426
280,72,28,1.925,1.2833333333333334,36.09,1817.62,True,1.037836165032478
280,89,11,1.925,1.2833333333333334,36.09,1906.06,False,0.8024455777917189
80,100,0,0.65,0.43333333333333335,27.2,0.0,True,1.605848223085046
80,100,0,0.65,0.43333333333333335,27.2,0.0,False,0.749536826153209
90,100,0,0.65,0.43333333333333335,27.2,0.0,True,1.1690260881354047
90,100,0,0.65,0.43333333333333335,27.2,0.0,True,3.696231419157761
100,100,0,0.65,0.43333333333333335,27.2,0.0,False,0.7916439778273777
100,100,0,0.65,0.43333333333333335,27.2,0.0,True,3.6223865090000196
150,100,0,0.65,0.43333333333333335,27.2,0.0,False,0.982465957432574
150,100,0,0.65,0.43333333333333335,27.2,0.0,True,2.80982673257776
210,100,0,0.65,0.43333333333333335,27.2,0.0,False,0.8779171951619185
210,100,0,0.65,0.43333333333333335,27.2,0.0,True,3.2775951035781543
280,100,0,0.65,0.43333333333333335,27.2,0.0,False,0.9295540397033302
280,100,0,0.65,0.43333333333333335,27.2,0.0,True,2.673863329360144
320,100,0,0.65,0.43333333333333335,27.2,0.0,True,7.903092595483186
320,100,0,0.65,0.43333333333333335,27.2,0.0,True,3.1671179644692242
80,100,0,0.775,0.5166666666666667,30.73,0.0,False,0.7708595898100001
80,100,0,0.775,0.5166666666666667,30.73,0.0,True,2.8088799543306138
90,100,0,0.775,0.5166666666666667,30.73,0.0,False,0.8836845290359395
90,100,0,0.775,0.5166666666666667,30.73,0.0,True,2.3754784570051584
100,100,0,0.775,0.5166666666666667,30.73,0.0,False,0.7425030884896111
100,100,0,0.775,0.5166666666666667,30.73,0.0,True,4.349319943726403
150,100,0,0.775,0.5166666666666667,30.73,0.0,False,0.8555021928000266
150,100,0,0.775,0.5166666666666667,30.73,0.0,True,2.5205226718572415
210,100,0,0.775,0.5166666666666667,30.73,0.0,True,2.3467825712859325
210,100,0,0.775,0.5166666666666667,30.73,0.0,True,2.6003875685190545
280,100,0,0.775,0.5166666666666667,30.73,0.0,True,2.1510906614044703
280,100,0,0.775,0.5166666666666667,30.73,0.0,True,3.0537947770362943
320,100,0,0.775,0.5166666666666667,30.73,0.0,True,1.1489785341319083
320,100,0,0.775,0.5166666666666667,30.73,0.0,True,3.0216310263641497
80,100,0,0.975,0.65,36.51,0.0,True,1.8795473647452736
80,100,0,0.975,0.65,36.52,0.0,True,2.583407057243192
90,100,0,0.975,0.65,36.51,0.0,True,1.0338031612511749
90,100,0,0.975,0.65,36.52,0.0,True,2.425880837190012
100,100,0,0.975,0.65,36.51,0.0,False,0.9639002109763403
100,100,0,0.975,0.65,36.52,0.0,True,2.7336578975159376
150,100,0,0.975,0.65,36.51,0.0,True,1.0464138293409193
150,100,0,0.975,0.65,36.52,0.0,True,1.4690438880333159
210,100,0,0.975,0.65,36.51,0.0,True,1.3364820995094928
210,100,0,0.975,0.65,36.51,0.0,False,0.98246200594062
280,100,0,0.975,0.65,36.51,0.0,True,2.454628838189723
280,100,0,0.975,0.65,36.52,0.0,True,3.1294727882366544
320,100,0,0.975,0.65,36.51,0.0,True,1.0359607201944037
320,100,0,0.975,0.65,36.51,0.0,True,1.124857355005797
80,100,0,1.8,1.2,59.93,0.0,True,1.640831201216636
80,100,0,1.8,1.2,59.93,0.0,True,1.8293260760720784
90,100,0,1.8,1.2,60.06,0.0,True,1.9605531972463601
90,100,0,1.8,1.2,60.06,0.0,True,1.7564675601695587
100,100,0,1.8,1.2,60.05,0.0,True,2.0574363325326264
100,100,0,1.8,1.2,60.05,0.0,True,2.0438893793285358
150,100,0,1.8,1.2,60.05,0.0,True,2.4263172663503263
150,100,0,1.8,1.2,60.05,0.0,True,2.0213595302580623
210,100,0,1.8,1.2,60.05,0.0,True,1.7447187374416047
210,100,0,1.8,1.2,60.05,0.0,True,2.607944126253639
280,100,0,1.8,1.2,60.05,0.0,True,2.5007598740474766
280,100,0,1.8,1.2,60.05,0.0,True,2.754471461576606
320,100,0,1.8,1.2,60.05,0.0,True,3.210854637099778
320,100,0,1.8,1.2,60.05,0.0,True,1.4096031730168113
80,100,0,1.925,1.2833333333333334,63.58,0.0,True,1.7283311778805277
80,100,0,1.925,1.2833333333333334,63.58,0.0,True,1.7426080138221622
90,100,0,1.925,1.2833333333333334,63.58,0.0,True,1.7997981263785396
90,100,0,1.925,1.2833333333333334,63.58,0.0,True,1.7451555954950524
100,100,0,1.925,1.2833333333333334,63.58,0.0,True,2.0092814090329014
100,100,0,1.925,1.2833333333333334,63.58,0.0,True,2.201545101471458
150,100,0,1.925,1.2833333333333334,63.58,0.0,True,2.346648523659442
150,100,0,1.925,1.2833333333333334,63.58,0.0,True,2.9881798648502262
210,100,0,1.925,1.2833333333333334,63.58,0.0,True,2.203037006535676
210,100,0,1.925,1.2833333333333334,63.58,0.0,True,2.4365463895932953
280,100,0,1.925,1.2833333333333334,63.58,0.0,True,2.0596842007822347
280,100,0,1.925,1.2833333333333334,63.58,0.0,True,2.4852590712607134
320,100,0,1.925,1.2833333333333334,63.58,0.0,True,2.1892727383581385
320,100,0,1.925,1.2833333333333334,63.58,0.0,True,2.192030494571606
80,25,75,0.65,0.43333333333333335,27.2,8.46,True,1.3303559404691034
80,75,25,0.65,0.43333333333333335,27.2,8.46,True,1.1220569813800365
80,85,15,0.65,0.43333333333333335,27.2,8.46,True,2.1537494632258554
90,25,75,0.65,0.43333333333333335,27.2,8.46,True,1.0755402045155573
90,85,15,0.65,0.43333333333333335,27.2,8.46,True,1.0019816049158687
100,25,75,0.65,0.43333333333333335,27.2,8.46,True,1.0638247874661413
100,75,25,0.65,0.43333333333333335,27.2,8.46,True,1.3856036576028257
100,85,15,0.65,0.43333333333333335,27.2,8.46,False,0.7816134439832523
150,25,75,0.65,0.43333333333333335,27.2,8.46,True,1.0265406605532836
150,75,25,0.65,0.43333333333333335,27.2,8.46,True,1.334270847725681
150,85,15,0.65,0.43333333333333335,27.2,8.46,False,0.8972737716253104
210,25,75,0.65,0.43333333333333335,27.2,8.46,True,1.025360234380454
210,75,25,0.65,0.43333333333333335,27.2,8.46,True,1.4653768358128334
210,85,15,0.65,0.43333333333333335,27.2,8.46,False,0.924964940375621
280,25,75,0.65,0.43333333333333335,27.2,8.46,True,1.0163284476163426
280,75,25,0.65,0.43333333333333335,27.2,8.46,True,1.4221211189921232
280,85,15,0.65,0.43333333333333335,27.2,8.46,True,1.0698100482133972
320,25,75,0.65,0.43333333333333335,27.2,8.46,True,1.028863346911305
320,75,25,0.65,0.43333333333333335,27.2,8.46,True,1.445522316538185
320,85,15,0.65,0.43333333333333335,27.2,8.46,True,1.8555630755989063
80,25,75,0.775,0.5166666666666667,30.73,8.46,False,0.5147965287631304
80,75,25,0.775,0.5166666666666667,30.73,8.46,False,0.6902403090171007
80,85,15,0.775,0.5166666666666667,30.73,8.46,True,1.6673950080452162
90,25,75,0.775,0.5166666666666667,30.73,8.46,True,1.0815317012350578
90,75,25,0.775,0.5166666666666667,30.73,8.46,False,0.664036231187832
90,85,15,0.775,0.5166666666666667,30.73,8.46,True,1.071368692849401
100,25,75,0.775,0.5166666666666667,30.73,8.46,True,1.0665386226792997
100,75,25,0.775,0.5166666666666667,30.73,8.46,True,1.1165588257427943
100,85,15,0.775,0.5166666666666667,30.73,8.46,True,1.6757218349684166
150,25,75,0.775,0.5166666666666667,30.73,8.46,False,0.8623999205030953
150,75,25,0.775,0.5166666666666667,30.73,8.46,False,0.9863576903750416
150,85,15,0.775,0.5166666666666667,30.73,8.46,True,1.5978282525243364
210,25,75,0.775,0.5166666666666667,30.73,8.46,True,1.3361519829103585
210,75,25,0.775,0.5166666666666667,30.73,8.46,True,1.8118177264421373
210,85,15,0.775,0.5166666666666667,30.73,8.46,True,1.522611601105525
280,25,75,0.775,0.5166666666666667,30.73,8.46,True,1.1716017489678152
280,75,25,0.775,0.5166666666666667,30.73,8.46,True,1.2237482919023517
280,85,15,0.775,0.5166666666666667,30.73,8.46,False,0.8503287711179662
320,25,75,0.775,0.5166666666666667,30.73,8.46,False,0.5432267699326669
320,75,25,0.775,0.5166666666666667,30.73,8.46,False,0.8878409187753621
320,85,15,0.775,0.5166666666666667,30.73,8.46,True,1.7749868274524692
80,25,75,0.975,0.65,36.51,8.46,False,0.9190459331427946
80,75,25,0.975,0.65,36.51,8.46,False,0.6844789645575912
80,85,15,0.975,0.65,36.51,8.46,False,0.9098116972950969
90,25,75,0.975,0.65,36.51,8.46,False,0.7421441487254681
90,75,25,0.975,0.65,36.51,8.46,False,0.6907768453790412
90,85,15,0.975,0.65,36.51,8.46,True,1.3777136123584777
100,25,75,0.975,0.65,36.51,8.46,False,0.997609577560865
100,75,25,0.975,0.65,36.51,8.46,False,0.7449381607533936
100,85,15,0.975,0.65,36.51,8.46,True,1.1035836817244218
150,25,75,0.975,0.65,36.51,8.46,False,0.9912397275207001
150,75,25,0.975,0.65,36.51,8.46,False,0.7362991664515516
150,85,15,0.975,0.65,36.52,8.46,True,1.897349756312135
210,25,75,0.975,0.65,36.51,8.46,True,1.0182751568352135
210,75,25,0.975,0.65,36.51,8.46,True,1.200417768429807
210,85,15,0.975,0.65,36.51,8.46,True,2.5745692339892523
280,25,75,0.975,0.65,36.51,8.46,True,1.2097996092696046
280,75,25,0.975,0.65,36.51,8.46,True,1.045122018867455
280,85,15,0.975,0.65,36.51,8.46,True,1.56000400153656
320,25,75,0.975,0.65,36.51,8.46,True,1.2006042028840054
320,75,25,0.975,0.65,36.51,8.46,True,1.410644374528977
320,85,15,0.975,0.65,36.51,8.46,True,2.2216607923473957
80,25,75,1.8,1.2,59.93,8.46,False,0.9610486697604025
80,75,25,1.8,1.2,59.93,8.46,True,1.2327329003556586
80,85,15,1.8,1.2,59.93,8.46,True,1.4033405863797368
90,25,75,1.8,1.2,59.93,8.46,True,1.0198020811615987
90,75,25,1.8,1.2,59.93,8.46,True,1.1270993995407834
90,85,15,1.8,1.2,60.05,8.58,True,1.7389385891800497
100,25,75,1.8,1.2,60.05,8.58,False,0.932539661109376
100,75,25,1.8,1.2,59.93,8.46,False,0.9495061253139301
100,85,15,1.8,1.2,60.05,8.58,True,1.518388163808529
150,25,75,1.8,1.2,60.05,8.58,False,0.9672224641947212
150,75,25,1.8,1.2,60.05,8.58,True,1.4533719700618324
150,85,15,1.8,1.2,60.05,8.58,True,1.8294438610532984
210,25,75,1.8,1.2,60.05,8.58,True,1.315434409867309
210,75,25,1.8,1.2,60.05,8.58,True,1.434471654560824
210,85,15,1.8,1.2,60.05,8.58,True,1.041698989014246
280,25,75,1.8,1.2,60.05,8.58,True,1.1763238716862647
280,75,25,1.8,1.2,60.05,8.58,True,1.6122012105841748
280,85,15,1.8,1.2,60.05,8.58,True,2.2839401424138615
320,25,75,1.8,1.2,60.05,8.58,True,1.0951574672904865
320,75,25,1.8,1.2,60.05,8.58,True,1.96818050311231
320,85,15,1.8,1.2,60.05,8.58,True,2.0982742570333643
80,25,75,1.925,1.2833333333333334,63.58,8.58,False,0.955776444233669
80,75,25,1.925,1.2833333333333334,63.58,8.58,False,0.840734695526658
80,85,15,1.925,1.2833333333333334,63.58,8.58,True,1.2525929788831591
90,25,75,1.925,1.2833333333333334,63.58,8.58,True,1.3522715997737034
90,75,25,1.925,1.2833333333333334,63.58,8.58,True,1.6200542832713563
90,85,15,1.925,1.2833333333333334,63.58,8.58,True,1.3653577945451012
100,25,75,1.925,1.2833333333333334,63.58,8.58,True,1.1921083734715636
100,75,25,1.925,1.2833333333333334,63.58,8.58,True,1.0539716385548015
100,85,15,1.925,1.2833333333333334,63.58,8.58,True,1.5924354586940963
150,25,75,1.925,1.2833333333333334,63.58,8.58,True,1.315303755233733
150,75,25,1.925,1.2833333333333334,63.58,8.58,True,1.6668092447040497
150,85,15,1.925,1.2833333333333334,63.58,8.58,True,1.5005900742948792
210,25,75,1.925,1.2833333333333334,63.58,8.58,True,1.0494156915335873
210,75,25,1.925,1.2833333333333334,63.58,8.58,True,1.1587843630971362
210,85,15,1.925,1.2833333333333334,63.58,8.58,True,1.3584912699607852
280,25,75,1.925,1.2833333333333334,63.58,8.58,False,0.9373903832502559
280,75,25,1.925,1.2833333333333334,63.58,8.58,True,1.2472919083278484
280,85,15,1.925,1.2833333333333334,63.58,8.58,True,1.647648930085262
320,25,75,1.925,1.2833333333333334,63.58,8.58,True,1.0879064609449816
320,75,25,1.925,1.2833333333333334,63.58,8.58,True,1.4074007916236047
320,85,15,1.925,1.2833333333333334,63.58,8.58,True,1.4997287895127076
80,72,28,0.65,0.43333333333333335,27.2,52.95,False,0.6446222990489624
80,89,11,0.65,0.43333333333333335,27.2,4187.33,False,0.7901443762836197
90,72,28,0.65,0.43333333333333335,27.2,3424.68,True,1.4385049370969312
90,89,11,0.65,0.43333333333333335,27.2,3968.02,False,0.81420067407927
100,72,28,0.65,0.43333333333333335,27.2,4892.54,False,0.9312828782636227
100,89,11,0.65,0.43333333333333335,27.2,5635.89,True,1.100141982679724
150,72,28,0.65,0.43333333333333335,27.2,6922.01,True,1.4510322259997854
150,89,11,0.65,0.43333333333333335,27.2,3525.6,True,1.183884605988219
210,72,28,0.65,0.43333333333333335,27.2,3857.74,False,0.9399093587821543
210,89,11,0.65,0.43333333333333335,27.2,4209.39,False,0.9435152101158394
280,72,28,0.65,0.43333333333333335,27.2,4510.3,True,1.156846041062279
280,89,11,0.65,0.43333333333333335,27.2,4811.15,False,0.6956403567936165
320,72,28,0.65,0.43333333333333335,27.2,5080.85,True,1.1869200637164177
320,89,11,0.65,0.43333333333333335,27.2,5397.36,False,0.9998710354724962
80,72,28,0.775,0.5166666666666667,30.73,4415.28,False,0.6955972416898739
80,89,11,0.775,0.5166666666666667,30.73,2965.39,False,0.8944611865892361
90,72,28,0.775,0.5166666666666667,30.73,2650.65,True,1.0726007087735008
90,89,11,0.775,0.5166666666666667,30.73,58.03,False,0.7229224885445429
100,72,28,0.775,0.5166666666666667,30.73,1982.04,False,0.47418110894713006
100,89,11,0.775,0.5166666666666667,30.73,2517.23,False,0.8834697628384791
150,72,28,0.775,0.5166666666666667,30.73,2814.99,False,0.9779048414921143
150,89,11,0.775,0.5166666666666667,30.73,3041.41,False,0.9772891384767514
210,72,28,0.775,0.5166666666666667,30.73,2049.55,True,1.1344959704628501
210,89,11,0.775,0.5166666666666667,30.73,2049.55,True,1.0146750226492542
280,72,28,0.775,0.5166666666666667,30.73,2049.55,False,0.916103196151185
280,89,11,0.775,0.5166666666666667,30.73,2114.19,True,1.1674801893346334
320,72,28,0.775,0.5166666666666667,30.73,2295.24,False,0.9792239129231273
320,89,11,0.775,0.5166666666666667,30.73,2484.63,True,1.1242804496287035
80,72,28,0.975,0.65,36.52,4345.42,False,0.8759339356548392
80,89,11,0.975,0.65,36.52,4115.68,True,1.0534539948903172
90,72,28,0.975,0.65,36.52,3853.31,True,1.2318604854664819
90,89,11,0.975,0.65,36.52,3588.76,False,0.959815839600216
100,72,28,0.975,0.65,36.52,3294.74,True,1.030010294516729
100,89,11,0.975,0.65,36.52,3005.41,True,1.0707824650244429
150,72,28,0.975,0.65,36.52,2625.34,True,1.0811189160732955
150,89,11,0.975,0.65,36.52,2302.68,True,1.0236567572874122
210,72,28,0.975,0.65,36.51,343.35,False,0.9428580215634529
210,89,11,0.975,0.65,36.52,4597.85,True,1.2166554936392306
280,72,28,0.975,0.65,36.52,4811.3,True,1.217406822003198
280,89,11,0.975,0.65,36.52,2267.4,False,0.6364908742216121
320,72,28,0.975,0.65,36.51,3256.24,True,1.0910408330169639
320,89,11,0.975,0.65,36.52,1864.68,True,1.0807824037823055
80,72,28,1.8,1.2,59.93,1587.97,True,1.0127436073936702
80,89,11,1.8,1.2,59.93,1807.22,True,1.0269007704619506
90,72,28,1.8,1.2,59.93,49.97,True,1.0113444127471
90,89,11,1.8,1.2,60.06,1997.16,True,1.2000175839263354
100,72,28,1.8,1.2,60.06,2171.18,True,1.0232740636708029
100,89,11,1.8,1.2,60.05,3397.1,False,0.9111928477342606
150,72,28,1.8,1.2,60.05,3701.25,True,1.3775689782175824
150,89,11,1.8,1.2,60.05,3701.25,True,1.0962734475751281
210,72,28,1.8,1.2,60.05,3701.25,True,1.089766925536487
210,89,11,1.8,1.2,60.05,3701.25,True,1.2474314788812622
280,72,28,1.8,1.2,60.05,3701.25,True,1.0351407415877916
280,89,11,1.8,1.2,60.05,3701.25,True,1.2818167880487379
320,72,28,1.8,1.2,60.05,3701.25,False,0.9195282348976876
320,89,11,1.8,1.2,60.05,3701.25,True,1.2013416336464733
80,72,28,1.925,1.2833333333333334,63.58,55.06,False,0.9921522267844931
80,89,11,1.925,1.2833333333333334,63.58,1751.29,False,0.9285174859263248
90,72,28,1.925,1.2833333333333334,63.58,3359.41,False,0.9150397690446485
90,89,11,1.925,1.2833333333333334,63.58,1926.82,True,1.173731332574577
100,72,28,1.925,1.2833333333333334,63.58,2093.39,True,1.012518068246053
100,89,11,1.925,1.2833333333333334,63.58,2912.01,True,1.062755687168504
150,72,28,1.925,1.2833333333333334,63.58,1530.45,True,1.1287938487805174
150,89,11,1.925,1.2833333333333334,63.58,3216.99,False,0.9715327054508098
210,72,28,1.925,1.2833333333333334,63.58,3075.23,False,0.9980367790080772
210,89,11,1.925,1.2833333333333334,63.58,2777.44,True,1.0627544424617226
280,72,28,1.925,1.2833333333333334,63.58,2610.55,True,1.340504570273701
280,89,11,1.925,1.2833333333333334,63.58,2424.3,False,0.9901849818207786
320,72,28,1.925,1.2833333333333334,63.58,2255.97,False,0.6038893262176572
320,89,11,1.925,1.2833333333333334,63.58,58.0,True,1.193051246976036
