connections,read_percent,write_percent,db_mem_coef,pgpool_cache_coef,read_cost,write_cost,not_effective
80,100,0,1.5384615384615383,2.3076923076923075,29.05,0.0,0
90,100,0,1.5384615384615383,2.3076923076923075,29.05,0.0,0
100,100,0,1.5384615384615383,2.3076923076923075,29.05,0.0,0
150,100,0,1.5384615384615383,2.3076923076923075,29.05,0.0,0
210,100,0,1.5384615384615383,2.3076923076923075,29.05,0.0,0
280,100,0,1.5384615384615383,2.3076923076923075,29.05,0.0,0
320,100,0,1.5384615384615383,2.3076923076923075,29.05,0.0,0
80,100,0,1.2903225806451613,1.9354838709677418,32.55,0.0,0
90,100,0,1.2903225806451613,1.9354838709677418,32.55,0.0,0
97,100,0,1.2903225806451613,1.9354838709677418,32.55,0.0,1
100,100,0,1.2903225806451613,1.9354838709677418,32.55,0.0,0
150,100,0,1.2903225806451613,1.9354838709677418,32.55,0.0,0
170,100,0,1.2903225806451613,1.9354838709677418,32.55,0.0,0
210,100,0,1.2903225806451613,1.9354838709677418,32.55,0.0,0
250,100,0,1.2903225806451613,1.9354838709677418,32.55,0.0,0
280,100,0,1.2903225806451613,1.9354838709677418,32.55,0.0,0
320,100,0,1.2903225806451613,1.9354838709677418,32.55,0.0,0
80,100,0,1.0256410256410258,1.5384615384615385,38.34,0.0,0
90,100,0,1.0256410256410258,1.5384615384615385,38.34,0.0,0
100,100,0,1.0256410256410258,1.5384615384615385,38.34,0.0,0
150,100,0,1.0256410256410258,1.5384615384615385,38.34,0.0,0
210,100,0,1.0256410256410258,1.5384615384615385,38.34,0.0,0
280,100,0,1.0256410256410258,1.5384615384615385,38.34,0.0,0
320,100,0,1.0256410256410258,1.5384615384615385,38.34,0.0,0
97,100,0,0.7782101167315175,1.1673151750972763,46.64,0.0,1
170,100,0,0.7782101167315175,1.1673151750972763,46.64,0.0,0
210,100,0,0.7782101167315175,1.1673151750972763,46.64,0.0,0
250,100,0,0.7782101167315175,1.1673151750972763,46.64,0.0,0
320,100,0,0.7782101167315175,1.1673151750972763,46.64,0.0,0
80,100,0,0.5555555555555556,0.8333333333333333,61.89,0.0,0
90,100,0,0.5555555555555556,0.8333333333333333,61.76,0.0,0
97,100,0,0.5555555555555556,0.8333333333333333,61.89,0.0,1
100,100,0,0.5555555555555556,0.8333333333333333,61.89,0.0,0
150,100,0,0.5555555555555556,0.8333333333333333,61.89,0.0,0
170,100,0,0.5555555555555556,0.8333333333333333,61.89,0.0,0
210,100,0,0.5555555555555556,0.8333333333333333,61.89,0.0,0
250,100,0,0.5555555555555556,0.8333333333333333,61.76,0.0,0
280,100,0,0.5555555555555556,0.8333333333333333,61.89,0.0,0
320,100,0,0.5555555555555556,0.8333333333333333,61.89,0.0,0
80,100,0,0.5194805194805194,0.7792207792207793,65.41,0.0,0
90,100,0,0.5194805194805194,0.7792207792207793,65.41,0.0,0
100,100,0,0.5194805194805194,0.7792207792207793,65.41,0.0,0
150,100,0,0.5194805194805194,0.7792207792207793,65.41,0.0,0
210,100,0,0.5194805194805194,0.7792207792207793,65.41,0.0,0
280,100,0,0.5194805194805194,0.7792207792207793,65.41,0.0,0
320,100,0,0.5194805194805194,0.7792207792207793,65.41,0.0,0
80,36,66,1.5384615384615383,2.3076923076923075,29.05,11.44,0
80,73,27,1.5384615384615383,2.3076923076923075,29.05,11.44,0
80,92,8,1.5384615384615383,2.3076923076923075,29.05,11.44,0
90,36,66,1.5384615384615383,2.3076923076923075,29.05,11.44,0
90,73,27,1.5384615384615383,2.3076923076923075,29.05,11.44,0
90,92,8,1.5384615384615383,2.3076923076923075,29.05,11.44,0
100,36,66,1.5384615384615383,2.3076923076923075,29.05,11.44,1
100,73,27,1.5384615384615383,2.3076923076923075,29.05,11.44,1
100,92,8,1.5384615384615383,2.3076923076923075,29.05,11.44,1
150,36,66,1.5384615384615383,2.3076923076923075,29.05,11.44,0
150,73,27,1.5384615384615383,2.3076923076923075,29.05,11.44,0
150,92,8,1.5384615384615383,2.3076923076923075,29.05,11.44,0
210,36,66,1.5384615384615383,2.3076923076923075,29.05,11.44,0
210,73,27,1.5384615384615383,2.3076923076923075,29.05,11.44,0
210,92,8,1.5384615384615383,2.3076923076923075,29.05,11.44,0
280,36,66,1.5384615384615383,2.3076923076923075,29.05,11.44,0
280,73,27,1.5384615384615383,2.3076923076923075,29.05,11.44,0
280,92,8,1.5384615384615383,2.3076923076923075,29.05,11.44,0
320,36,66,1.5384615384615383,2.3076923076923075,29.05,11.44,1
320,73,27,1.5384615384615383,2.3076923076923075,29.05,11.44,0
320,92,8,1.5384615384615383,2.3076923076923075,29.05,11.44,0
80,36,66,1.2903225806451613,1.9354838709677418,32.55,13.09,1
80,73,27,1.2903225806451613,1.9354838709677418,32.55,13.09,0
80,92,8,1.2903225806451613,1.9354838709677418,32.55,13.09,1
90,36,66,1.2903225806451613,1.9354838709677418,32.55,13.09,0
90,73,27,1.2903225806451613,1.9354838709677418,32.55,13.09,0
90,92,8,1.2903225806451613,1.9354838709677418,32.55,13.09,0
97,36,66,1.2903225806451613,1.9354838709677418,32.55,13.09,1
97,73,27,1.2903225806451613,1.9354838709677418,32.55,13.09,0
97,92,8,1.2903225806451613,1.9354838709677418,32.55,13.09,0
100,36,66,1.2903225806451613,1.9354838709677418,32.55,13.09,0
100,73,27,1.2903225806451613,1.9354838709677418,32.55,13.09,0
100,92,8,1.2903225806451613,1.9354838709677418,32.55,13.09,0
150,36,66,1.2903225806451613,1.9354838709677418,32.55,13.09,0
150,73,27,1.2903225806451613,1.9354838709677418,32.55,13.09,0
150,92,8,1.2903225806451613,1.9354838709677418,32.55,13.09,0
170,36,66,1.2903225806451613,1.9354838709677418,32.55,13.09,0
170,73,27,1.2903225806451613,1.9354838709677418,32.55,13.09,0
170,92,8,1.2903225806451613,1.9354838709677418,32.55,13.09,0
210,36,66,1.2903225806451613,1.9354838709677418,32.55,13.09,0
210,73,27,1.2903225806451613,1.9354838709677418,32.55,13.09,0
210,92,8,1.2903225806451613,1.9354838709677418,32.55,13.09,0
250,36,66,1.2903225806451613,1.9354838709677418,32.55,13.09,0
250,73,27,1.2903225806451613,1.9354838709677418,32.55,13.09,0
250,92,8,1.2903225806451613,1.9354838709677418,32.55,13.09,0
280,36,66,1.2903225806451613,1.9354838709677418,32.55,13.09,0
280,73,27,1.2903225806451613,1.9354838709677418,32.55,13.09,0
280,92,8,1.2903225806451613,1.9354838709677418,32.55,13.09,0
320,36,66,1.2903225806451613,1.9354838709677418,32.55,13.09,0
320,73,27,1.2903225806451613,1.9354838709677418,32.55,13.09,0
320,92,8,1.2903225806451613,1.9354838709677418,32.55,13.09,0
80,36,66,1.0256410256410258,1.5384615384615385,38.34,15.71,0
80,73,27,1.0256410256410258,1.5384615384615385,38.34,15.71,1
80,92,8,1.0256410256410258,1.5384615384615385,38.34,15.71,0
90,36,66,1.0256410256410258,1.5384615384615385,38.34,15.71,1
90,73,27,1.0256410256410258,1.5384615384615385,38.35,15.71,0
90,92,8,1.0256410256410258,1.5384615384615385,38.34,15.71,0
100,36,66,1.0256410256410258,1.5384615384615385,38.34,15.71,1
100,73,27,1.0256410256410258,1.5384615384615385,38.35,15.71,0
100,92,8,1.0256410256410258,1.5384615384615385,38.35,15.71,0
150,36,66,1.0256410256410258,1.5384615384615385,38.34,15.71,0
150,73,27,1.0256410256410258,1.5384615384615385,38.34,15.71,0
150,92,8,1.0256410256410258,1.5384615384615385,38.34,15.71,0
210,36,66,1.0256410256410258,1.5384615384615385,38.34,15.71,0
210,73,27,1.0256410256410258,1.5384615384615385,38.34,15.71,0
210,92,8,1.0256410256410258,1.5384615384615385,38.34,15.71,0
280,36,66,1.0256410256410258,1.5384615384615385,38.34,15.71,1
280,73,27,1.0256410256410258,1.5384615384615385,38.34,15.71,0
280,92,8,1.0256410256410258,1.5384615384615385,38.34,15.71,0
320,36,66,1.0256410256410258,1.5384615384615385,38.34,15.71,0
320,73,27,1.0256410256410258,1.5384615384615385,38.34,15.71,0
320,92,8,1.0256410256410258,1.5384615384615385,38.34,15.71,0
97,36,66,0.7782101167315175,1.1673151750972763,46.64,19.42,0
97,73,27,0.7782101167315175,1.1673151750972763,46.64,19.42,0
97,92,8,0.7782101167315175,1.1673151750972763,46.64,19.42,0
170,36,66,0.7782101167315175,1.1673151750972763,46.64,19.42,0
170,73,27,0.7782101167315175,1.1673151750972763,46.64,19.42,0
170,92,8,0.7782101167315175,1.1673151750972763,46.64,19.42,0
210,36,66,0.7782101167315175,1.1673151750972763,46.64,19.42,0
210,73,27,0.7782101167315175,1.1673151750972763,46.64,19.42,0
210,92,8,0.7782101167315175,1.1673151750972763,46.64,19.42,0
250,36,66,0.7782101167315175,1.1673151750972763,46.64,19.42,0
250,73,27,0.7782101167315175,1.1673151750972763,46.64,19.42,0
250,92,8,0.7782101167315175,1.1673151750972763,46.64,19.42,0
320,36,66,0.7782101167315175,1.1673151750972763,46.64,19.42,0
320,73,27,0.7782101167315175,1.1673151750972763,46.64,19.42,0
320,92,8,0.7782101167315175,1.1673151750972763,46.64,19.42,0
80,36,66,0.5555555555555556,0.8333333333333333,61.76,23.95,0
80,73,27,0.5555555555555556,0.8333333333333333,61.76,23.95,0
80,92,8,0.5555555555555556,0.8333333333333333,61.89,24.08,0
90,36,66,0.5555555555555556,0.8333333333333333,61.89,24.08,0
90,73,27,0.5555555555555556,0.8333333333333333,61.89,24.08,0
90,92,8,0.5555555555555556,0.8333333333333333,61.89,24.08,0
97,36,66,0.5555555555555556,0.8333333333333333,61.89,24.08,0
97,73,27,0.5555555555555556,0.8333333333333333,61.89,24.08,0
97,92,8,0.5555555555555556,0.8333333333333333,61.89,24.08,0
100,36,66,0.5555555555555556,0.8333333333333333,61.89,24.08,0
100,73,27,0.5555555555555556,0.8333333333333333,61.76,23.95,0
100,92,8,0.5555555555555556,0.8333333333333333,61.76,23.95,0
150,36,66,0.5555555555555556,0.8333333333333333,61.76,23.95,0
150,73,27,0.5555555555555556,0.8333333333333333,61.76,23.95,0
150,92,8,0.5555555555555556,0.8333333333333333,61.76,23.95,0
170,36,66,0.5555555555555556,0.8333333333333333,61.89,24.08,0
170,73,27,0.5555555555555556,0.8333333333333333,61.89,24.08,0
170,92,8,0.5555555555555556,0.8333333333333333,61.89,24.08,0
210,36,66,0.5555555555555556,0.8333333333333333,61.76,23.95,0
210,73,27,0.5555555555555556,0.8333333333333333,61.76,23.95,0
210,92,8,0.5555555555555556,0.8333333333333333,61.76,23.95,0
250,36,66,0.5555555555555556,0.8333333333333333,61.76,23.95,0
250,73,27,0.5555555555555556,0.8333333333333333,61.76,23.95,0
250,92,8,0.5555555555555556,0.8333333333333333,61.76,23.95,0
280,36,66,0.5555555555555556,0.8333333333333333,61.76,23.95,0
280,73,27,0.5555555555555556,0.8333333333333333,61.76,23.95,0
280,92,8,0.5555555555555556,0.8333333333333333,61.89,24.08,0
320,36,66,0.5555555555555556,0.8333333333333333,61.76,23.95,0
320,73,27,0.5555555555555556,0.8333333333333333,61.76,23.95,0
320,92,8,0.5555555555555556,0.8333333333333333,61.76,23.95,0
80,36,66,0.5194805194805194,0.7792207792207793,65.41,25.13,0
80,73,27,0.5194805194805194,0.7792207792207793,65.41,25.13,0
80,92,8,0.5194805194805194,0.7792207792207793,65.41,25.13,0
90,36,66,0.5194805194805194,0.7792207792207793,65.41,25.13,0
90,73,27,0.5194805194805194,0.7792207792207793,65.41,25.13,0
90,92,8,0.5194805194805194,0.7792207792207793,65.41,25.13,0
100,36,66,0.5194805194805194,0.7792207792207793,65.41,25.13,1
100,73,27,0.5194805194805194,0.7792207792207793,65.41,25.13,0
100,92,8,0.5194805194805194,0.7792207792207793,65.41,25.13,0
150,36,66,0.5194805194805194,0.7792207792207793,65.41,25.13,0
150,73,27,0.5194805194805194,0.7792207792207793,65.41,25.13,0
150,92,8,0.5194805194805194,0.7792207792207793,65.41,25.13,0
210,36,66,0.5194805194805194,0.7792207792207793,65.41,25.13,0
210,73,27,0.5194805194805194,0.7792207792207793,65.41,25.13,0
210,92,8,0.5194805194805194,0.7792207792207793,65.41,25.13,0
280,36,66,0.5194805194805194,0.7792207792207793,65.41,25.13,0
280,73,27,0.5194805194805194,0.7792207792207793,65.41,25.13,0
280,92,8,0.5194805194805194,0.7792207792207793,65.41,25.13,0
320,36,66,0.5194805194805194,0.7792207792207793,65.41,25.13,0
320,73,27,0.5194805194805194,0.7792207792207793,65.41,25.13,0
320,92,8,0.5194805194805194,0.7792207792207793,65.41,25.14,0
80,36,66,1.5384615384615383,2.3076923076923075,29.05,365.79,0
80,73,27,1.5384615384615383,2.3076923076923075,29.05,353.75,0
80,92,8,1.5384615384615383,2.3076923076923075,29.05,448.4,0
80,97,3,1.5384615384615383,2.3076923076923075,29.05,448.4,0
90,36,66,1.5384615384615383,2.3076923076923075,29.05,363.51,1
90,73,27,1.5384615384615383,2.3076923076923075,29.05,363.51,1
90,92,8,1.5384615384615383,2.3076923076923075,29.05,363.51,0
90,97,3,1.5384615384615383,2.3076923076923075,29.05,363.51,0
100,36,66,1.5384615384615383,2.3076923076923075,29.05,363.51,1
100,73,27,1.5384615384615383,2.3076923076923075,29.05,343.56,0
100,92,8,1.5384615384615383,2.3076923076923075,29.05,343.56,1
100,97,3,1.5384615384615383,2.3076923076923075,29.05,343.56,0
150,36,66,1.5384615384615383,2.3076923076923075,29.05,343.56,0
150,73,27,1.5384615384615383,2.3076923076923075,29.05,381.22,0
150,92,8,1.5384615384615383,2.3076923076923075,29.05,413.24,0
150,97,3,1.5384615384615383,2.3076923076923075,29.05,413.24,0
210,36,66,1.5384615384615383,2.3076923076923075,29.05,413.24,0
210,73,27,1.5384615384615383,2.3076923076923075,29.05,413.24,1
210,92,8,1.5384615384615383,2.3076923076923075,29.05,429.69,1
210,97,3,1.5384615384615383,2.3076923076923075,29.05,448.4,0
280,36,66,1.5384615384615383,2.3076923076923075,29.05,404.56,1
280,73,27,1.5384615384615383,2.3076923076923075,29.05,385.36,1
280,92,8,1.5384615384615383,2.3076923076923075,29.05,11.57,0
280,97,3,1.5384615384615383,2.3076923076923075,29.05,292.35,0
320,36,66,1.5384615384615383,2.3076923076923075,29.05,11.6,1
320,73,27,1.5384615384615383,2.3076923076923075,29.05,344.72,1
320,92,8,1.5384615384615383,2.3076923076923075,29.05,425.78,0
320,97,3,1.5384615384615383,2.3076923076923075,29.05,469.31,0
80,36,66,1.2903225806451613,1.9354838709677418,32.55,410.99,1
80,73,27,1.2903225806451613,1.9354838709677418,32.55,405.21,0
80,92,8,1.2903225806451613,1.9354838709677418,32.55,410.99,1
80,97,3,1.2903225806451613,1.9354838709677418,32.55,410.99,0
90,36,66,1.2903225806451613,1.9354838709677418,32.55,299.11,0
90,73,27,1.2903225806451613,1.9354838709677418,32.55,299.11,1
90,92,8,1.2903225806451613,1.9354838709677418,32.55,432.18,1
90,97,3,1.2903225806451613,1.9354838709677418,32.55,413.91,0
97,36,66,1.2903225806451613,1.9354838709677418,32.55,11.8,0
97,73,27,1.2903225806451613,1.9354838709677418,32.55,13.29,0
97,92,8,1.2903225806451613,1.9354838709677418,32.55,169.46,0
97,97,3,1.2903225806451613,1.9354838709677418,32.55,178.93,0
100,36,66,1.2903225806451613,1.9354838709677418,32.55,299.11,0
100,73,27,1.2903225806451613,1.9354838709677418,32.55,381.86,0
100,92,8,1.2903225806451613,1.9354838709677418,32.55,298.76,0
100,97,3,1.2903225806451613,1.9354838709677418,32.55,187.81,1
150,36,66,1.2903225806451613,1.9354838709677418,32.55,402.18,0
150,73,27,1.2903225806451613,1.9354838709677418,32.55,402.18,1
150,92,8,1.2903225806451613,1.9354838709677418,32.55,402.18,0
150,97,3,1.2903225806451613,1.9354838709677418,32.55,402.18,0
170,36,66,1.2903225806451613,1.9354838709677418,32.55,185.7,1
170,73,27,1.2903225806451613,1.9354838709677418,32.55,207.35,0
170,92,8,1.2903225806451613,1.9354838709677418,32.55,216.82,0
170,97,3,1.2903225806451613,1.9354838709677418,32.55,222.9,0
210,36,66,1.2903225806451613,1.9354838709677418,32.55,252.67,0
210,73,27,1.2903225806451613,1.9354838709677418,32.55,262.14,1
210,92,8,1.2903225806451613,1.9354838709677418,32.55,268.91,0
210,97,3,1.2903225806451613,1.9354838709677418,32.55,272.97,0
280,36,66,1.2903225806451613,1.9354838709677418,32.55,402.18,0
280,73,27,1.2903225806451613,1.9354838709677418,32.55,381.86,0
280,92,8,1.2903225806451613,1.9354838709677418,32.55,427.27,1
280,97,3,1.2903225806451613,1.9354838709677418,32.55,410.99,0
320,36,66,1.2903225806451613,1.9354838709677418,32.55,225.61,0
320,73,27,1.2903225806451613,1.9354838709677418,32.55,237.79,1
320,92,8,1.2903225806451613,1.9354838709677418,32.55,245.91,0
320,97,3,1.2903225806451613,1.9354838709677418,32.55,249.97,0
80,36,66,1.0256410256410258,1.5384615384615385,38.34,325.9,0
80,73,27,1.0256410256410258,1.5384615384615385,38.34,333.85,0
80,92,8,1.0256410256410258,1.5384615384615385,38.34,341.79,0
80,97,3,1.0256410256410258,1.5384615384615385,38.34,345.76,0
90,36,66,1.0256410256410258,1.5384615384615385,38.34,345.76,0
90,73,27,1.0256410256410258,1.5384615384615385,38.34,353.69,0
90,92,8,1.0256410256410258,1.5384615384615385,38.34,357.66,0
90,97,3,1.0256410256410258,1.5384615384615385,38.34,13.25,0
100,36,66,1.0256410256410258,1.5384615384615385,38.35,178.38,0
100,73,27,1.0256410256410258,1.5384615384615385,38.35,212.89,1
100,92,8,1.0256410256410258,1.5384615384615385,38.35,237.45,0
100,97,3,1.0256410256410258,1.5384615384615385,38.35,250.73,0
150,36,66,1.0256410256410258,1.5384615384615385,38.34,317.97,0
150,73,27,1.0256410256410258,1.5384615384615385,38.34,399.59,1
150,92,8,1.0256410256410258,1.5384615384615385,38.34,317.97,0
150,97,3,1.0256410256410258,1.5384615384615385,38.34,317.97,0
210,36,66,1.0256410256410258,1.5384615384615385,38.34,342.96,1
210,73,27,1.0256410256410258,1.5384615384615385,38.34,342.96,1
210,92,8,1.0256410256410258,1.5384615384615385,38.34,381.52,0
210,97,3,1.0256410256410258,1.5384615384615385,38.35,407.22,0
280,36,66,1.0256410256410258,1.5384615384615385,38.35,420.07,1
280,73,27,1.0256410256410258,1.5384615384615385,38.35,462.03,0
280,92,8,1.0256410256410258,1.5384615384615385,38.35,487.73,0
280,97,3,1.0256410256410258,1.5384615384615385,38.35,507.01,0
320,36,66,1.0256410256410258,1.5384615384615385,38.35,455.61,0
320,73,27,1.0256410256410258,1.5384615384615385,38.35,455.61,1
320,92,8,1.0256410256410258,1.5384615384615385,38.34,317.97,0
320,97,3,1.0256410256410258,1.5384615384615385,38.34,317.97,0
97,36,66,0.7782101167315175,1.1673151750972763,46.64,11.55,1
97,73,27,0.7782101167315175,1.1673151750972763,46.64,11.82,1
97,92,8,0.7782101167315175,1.1673151750972763,46.64,157.99,0
97,97,3,0.7782101167315175,1.1673151750972763,46.64,162.29,0
170,36,66,0.7782101167315175,1.1673151750972763,46.64,11.55,1
170,73,27,0.7782101167315175,1.1673151750972763,46.64,11.82,0
170,92,8,0.7782101167315175,1.1673151750972763,46.64,11.93,1
170,97,3,0.7782101167315175,1.1673151750972763,46.64,12.0,0
210,36,66,0.7782101167315175,1.1673151750972763,46.64,171.03,0
210,73,27,0.7782101167315175,1.1673151750972763,46.64,179.85,0
210,92,8,0.7782101167315175,1.1673151750972763,46.64,184.88,0
210,97,3,0.7782101167315175,1.1673151750972763,46.64,188.66,0
320,36,66,0.7782101167315175,1.1673151750972763,46.64,152.14,0
320,73,27,0.7782101167315175,1.1673151750972763,46.64,159.7,1
320,92,8,0.7782101167315175,1.1673151750972763,46.64,167.25,0
320,97,3,0.7782101167315175,1.1673151750972763,46.64,169.77,1
80,36,66,0.5555555555555556,0.8333333333333333,61.89,395.38,1
80,73,27,0.5555555555555556,0.8333333333333333,61.89,477.43,1
80,92,8,0.5555555555555556,0.8333333333333333,61.89,172.71,0
80,97,3,0.5555555555555556,0.8333333333333333,61.89,389.03,1
90,36,66,0.5555555555555556,0.8333333333333333,61.89,323.64,1
90,73,27,0.5555555555555556,0.8333333333333333,61.76,11.8,1
90,92,8,0.5555555555555556,0.8333333333333333,61.89,323.64,0
90,97,3,0.5555555555555556,0.8333333333333333,61.76,11.46,0
97,36,66,0.5555555555555556,0.8333333333333333,61.76,11.98,1
97,73,27,0.5555555555555556,0.8333333333333333,61.76,12.16,1
97,92,8,0.5555555555555556,0.8333333333333333,61.76,13.29,1
97,97,3,0.5555555555555556,0.8333333333333333,61.76,13.36,1
100,36,66,0.5555555555555556,0.8333333333333333,61.76,11.6,1
100,73,27,0.5555555555555556,0.8333333333333333,61.89,155.22,0
100,92,8,0.5555555555555556,0.8333333333333333,61.89,167.33,0
100,97,3,0.5555555555555556,0.8333333333333333,61.89,246.03,0
150,36,66,0.5555555555555556,0.8333333333333333,61.89,178.09,0
150,73,27,0.5555555555555556,0.8333333333333333,61.89,190.2,0
150,92,8,0.5555555555555556,0.8333333333333333,61.89,198.27,0
150,97,3,0.5555555555555556,0.8333333333333333,61.89,203.66,0
170,36,66,0.5555555555555556,0.8333333333333333,61.89,153.3,0
170,73,27,0.5555555555555556,0.8333333333333333,61.89,159.81,1
170,92,8,0.5555555555555556,0.8333333333333333,61.89,165.03,0
170,97,3,0.5555555555555556,0.8333333333333333,61.89,167.63,1
210,36,66,0.5555555555555556,0.8333333333333333,61.89,181.97,1
210,73,27,0.5555555555555556,0.8333333333333333,61.89,187.18,0
210,92,8,0.5555555555555556,0.8333333333333333,61.89,192.4,0
210,97,3,0.5555555555555556,0.8333333333333333,61.89,193.7,0
280,36,66,0.5555555555555556,0.8333333333333333,61.89,205.0,0
280,73,27,0.5555555555555556,0.8333333333333333,61.89,221.14,0
280,92,8,0.5555555555555556,0.8333333333333333,61.89,229.89,0
280,97,3,0.5555555555555556,0.8333333333333333,61.89,233.92,0
320,36,66,0.5555555555555556,0.8333333333333333,61.89,168.94,0
320,73,27,0.5555555555555556,0.8333333333333333,61.89,174.15,0
320,92,8,0.5555555555555556,0.8333333333333333,61.89,179.37,0
320,97,3,0.5555555555555556,0.8333333333333333,61.89,180.67,0
80,36,66,0.5194805194805194,0.7792207792207793,65.41,381.13,1
80,73,27,0.5194805194805194,0.7792207792207793,65.41,394.84,1
80,92,8,0.5194805194805194,0.7792207792207793,65.41,394.84,0
80,97,3,0.5194805194805194,0.7792207792207793,65.41,183.1,0
90,36,66,0.5194805194805194,0.7792207792207793,65.41,185.93,0
90,73,27,0.5194805194805194,0.7792207792207793,65.41,195.87,0
90,92,8,0.5194805194805194,0.7792207792207793,65.41,202.97,0
90,97,3,0.5194805194805194,0.7792207792207793,65.41,207.23,0
100,36,66,0.5194805194805194,0.7792207792207793,65.41,208.65,1
100,73,27,0.5194805194805194,0.7792207792207793,65.41,218.59,0
100,92,8,0.5194805194805194,0.7792207792207793,65.41,227.11,0
100,97,3,0.5194805194805194,0.7792207792207793,65.41,231.37,0
150,36,66,0.5194805194805194,0.7792207792207793,65.41,232.79,1
150,73,27,0.5194805194805194,0.7792207792207793,65.41,241.95,0
150,92,8,0.5194805194805194,0.7792207792207793,65.41,186.59,1
150,97,3,0.5194805194805194,0.7792207792207793,65.41,383.14,0
210,36,66,0.5194805194805194,0.7792207792207793,65.41,446.04,0
210,73,27,0.5194805194805194,0.7792207792207793,65.41,385.25,1
210,92,8,0.5194805194805194,0.7792207792207793,65.41,189.34,0
210,97,3,0.5194805194805194,0.7792207792207793,65.41,385.25,0
280,36,66,0.5194805194805194,0.7792207792207793,65.41,11.68,1
280,73,27,0.5194805194805194,0.7792207792207793,65.41,11.95,0
280,92,8,0.5194805194805194,0.7792207792207793,65.41,156.02,0
280,97,3,0.5194805194805194,0.7792207792207793,65.41,162.43,0
320,36,66,0.5194805194805194,0.7792207792207793,65.41,167.56,1
320,73,27,0.5194805194805194,0.7792207792207793,65.41,180.37,1
320,92,8,0.5194805194805194,0.7792207792207793,65.41,194.47,0
320,97,3,0.5194805194805194,0.7792207792207793,65.41,374.88,0
80,100,0,1.5384615384615383,2.3076923076923075,8.45,0.0,1
90,100,0,1.5384615384615383,2.3076923076923075,8.45,0.0,0
100,100,0,1.5384615384615383,2.3076923076923075,8.45,0.0,1
150,100,0,1.5384615384615383,2.3076923076923075,8.45,0.0,1
210,100,0,1.5384615384615383,2.3076923076923075,8.45,0.0,1
280,100,0,1.5384615384615383,2.3076923076923075,8.45,0.0,1
300,100,0,1.5384615384615383,2.3076923076923075,8.45,0.0,1
320,100,0,1.5384615384615383,2.3076923076923075,8.45,0.0,1
80,100,0,1.2903225806451613,1.9354838709677418,8.45,0.0,1
90,100,0,1.2903225806451613,1.9354838709677418,8.45,0.0,1
100,100,0,1.2903225806451613,1.9354838709677418,8.45,0.0,1
150,100,0,1.2903225806451613,1.9354838709677418,8.45,0.0,1
210,100,0,1.2903225806451613,1.9354838709677418,8.45,0.0,1
280,100,0,1.2903225806451613,1.9354838709677418,8.45,0.0,0
320,100,0,1.2903225806451613,1.9354838709677418,8.46,0.0,0
80,100,0,1.0256410256410258,1.5384615384615385,8.45,0.0,1
90,100,0,1.0256410256410258,1.5384615384615385,8.45,0.0,1
100,100,0,1.0256410256410258,1.5384615384615385,8.45,0.0,1
150,100,0,1.0256410256410258,1.5384615384615385,8.45,0.0,1
210,100,0,1.0256410256410258,1.5384615384615385,8.45,0.0,0
280,100,0,1.0256410256410258,1.5384615384615385,8.45,0.0,0
320,100,0,1.0256410256410258,1.5384615384615385,8.45,0.0,0
80,100,0,0.7782101167315175,1.1673151750972763,8.46,0.0,1
100,100,0,0.7782101167315175,1.1673151750972763,8.46,0.0,1
300,100,0,0.7782101167315175,1.1673151750972763,8.46,0.0,0
80,100,0,0.5555555555555556,0.8333333333333333,8.58,0.0,0
90,100,0,0.5555555555555556,0.8333333333333333,8.58,0.0,0
100,100,0,0.5555555555555556,0.8333333333333333,8.58,0.0,0
150,100,0,0.5555555555555556,0.8333333333333333,8.58,0.0,0
210,100,0,0.5555555555555556,0.8333333333333333,8.58,0.0,0
280,100,0,0.5555555555555556,0.8333333333333333,8.58,0.0,0
320,100,0,0.5555555555555556,0.8333333333333333,8.58,0.0,0
80,100,0,0.5194805194805194,0.7792207792207793,8.58,0.0,0
90,100,0,0.5194805194805194,0.7792207792207793,8.58,0.0,0
100,100,0,0.5194805194805194,0.7792207792207793,8.58,0.0,0
150,100,0,0.5194805194805194,0.7792207792207793,8.58,0.0,0
210,100,0,0.5194805194805194,0.7792207792207793,8.58,0.0,0
280,100,0,0.5194805194805194,0.7792207792207793,8.58,0.0,0
300,100,0,0.5194805194805194,0.7792207792207793,8.58,0.0,0
320,100,0,0.5194805194805194,0.7792207792207793,8.58,0.0,0
80,40,60,1.5384615384615383,2.3076923076923075,8.45,0.01,1
80,50,50,1.5384615384615383,2.3076923076923075,8.45,0.01,1
80,80,20,1.5384615384615383,2.3076923076923075,8.45,0.01,1
100,40,60,1.5384615384615383,2.3076923076923075,8.45,0.01,1
100,50,50,1.5384615384615383,2.3076923076923075,8.45,0.01,1
100,80,20,1.5384615384615383,2.3076923076923075,8.45,0.01,1
300,40,60,1.5384615384615383,2.3076923076923075,8.45,0.01,1
300,50,50,1.5384615384615383,2.3076923076923075,8.45,0.01,1
300,80,20,1.5384615384615383,2.3076923076923075,8.45,0.01,1
80,40,60,0.7782101167315175,1.1673151750972763,8.46,0.01,1
80,50,50,0.7782101167315175,1.1673151750972763,8.46,0.01,0
80,80,20,0.7782101167315175,1.1673151750972763,8.46,0.01,1
100,40,60,0.7782101167315175,1.1673151750972763,8.46,0.01,1
100,50,50,0.7782101167315175,1.1673151750972763,8.46,0.01,1
100,80,20,0.7782101167315175,1.1673151750972763,8.46,0.01,1
300,40,60,0.7782101167315175,1.1673151750972763,8.46,0.01,1
300,50,50,0.7782101167315175,1.1673151750972763,8.46,0.01,0
300,80,20,0.7782101167315175,1.1673151750972763,8.46,0.01,0
80,40,60,0.5194805194805194,0.7792207792207793,8.58,0.01,0
80,50,50,0.5194805194805194,0.7792207792207793,8.58,0.01,0
80,80,20,0.5194805194805194,0.7792207792207793,8.58,0.01,0
100,40,60,0.5194805194805194,0.7792207792207793,8.58,0.01,0
100,50,50,0.5194805194805194,0.7792207792207793,8.58,0.01,0
100,80,20,0.5194805194805194,0.7792207792207793,8.58,0.01,0
300,40,60,0.5194805194805194,0.7792207792207793,8.58,0.01,0
300,50,50,0.5194805194805194,0.7792207792207793,8.58,0.01,0
300,80,20,0.5194805194805194,0.7792207792207793,8.58,0.01,0
80,60,40,1.5384615384615383,2.3076923076923075,8.45,8.46,1
80,80,20,1.5384615384615383,2.3076923076923075,8.45,8.46,0
90,60,40,1.5384615384615383,2.3076923076923075,8.45,8.46,1
90,80,20,1.5384615384615383,2.3076923076923075,8.45,8.46,1
100,60,40,1.5384615384615383,2.3076923076923075,8.45,8.46,1
100,80,20,1.5384615384615383,2.3076923076923075,8.45,8.46,1
150,60,40,1.5384615384615383,2.3076923076923075,8.45,8.46,1
150,80,20,1.5384615384615383,2.3076923076923075,8.45,8.46,0
210,60,40,1.5384615384615383,2.3076923076923075,8.45,8.46,0
210,80,20,1.5384615384615383,2.3076923076923075,8.45,8.46,0
280,60,40,1.5384615384615383,2.3076923076923075,8.45,8.46,1
280,80,20,1.5384615384615383,2.3076923076923075,8.45,8.46,1
320,60,40,1.5384615384615383,2.3076923076923075,8.45,8.46,1
320,80,20,1.5384615384615383,2.3076923076923075,8.45,8.46,1
80,60,40,1.2903225806451613,1.9354838709677418,8.45,8.46,0
80,80,20,1.2903225806451613,1.9354838709677418,8.45,8.46,0
90,60,40,1.2903225806451613,1.9354838709677418,8.45,8.46,1
90,80,20,1.2903225806451613,1.9354838709677418,8.45,8.46,1
100,60,40,1.2903225806451613,1.9354838709677418,8.45,8.46,0
100,80,20,1.2903225806451613,1.9354838709677418,8.45,8.46,1
150,60,40,1.2903225806451613,1.9354838709677418,8.45,8.46,0
150,80,20,1.2903225806451613,1.9354838709677418,8.45,8.46,1
210,60,40,1.2903225806451613,1.9354838709677418,8.46,8.46,0
210,80,20,1.2903225806451613,1.9354838709677418,8.45,8.46,0
280,60,40,1.2903225806451613,1.9354838709677418,8.46,8.46,0
280,80,20,1.2903225806451613,1.9354838709677418,8.46,8.46,0
320,60,40,1.2903225806451613,1.9354838709677418,8.45,8.46,0
320,80,20,1.2903225806451613,1.9354838709677418,8.46,8.46,0
80,60,40,1.0256410256410258,1.5384615384615385,8.45,8.46,0
80,80,20,1.0256410256410258,1.5384615384615385,8.45,8.46,1
90,60,40,1.0256410256410258,1.5384615384615385,8.45,8.46,1
90,80,20,1.0256410256410258,1.5384615384615385,8.45,8.46,1
100,60,40,1.0256410256410258,1.5384615384615385,8.45,8.46,0
100,80,20,1.0256410256410258,1.5384615384615385,8.45,8.46,1
150,60,40,1.0256410256410258,1.5384615384615385,8.45,8.46,1
150,80,20,1.0256410256410258,1.5384615384615385,8.45,8.46,0
210,60,40,1.0256410256410258,1.5384615384615385,8.45,8.46,1
210,80,20,1.0256410256410258,1.5384615384615385,8.45,8.46,0
280,60,40,1.0256410256410258,1.5384615384615385,8.45,8.46,1
280,80,20,1.0256410256410258,1.5384615384615385,8.45,8.46,0
320,60,40,1.0256410256410258,1.5384615384615385,8.45,8.46,1
320,80,20,1.0256410256410258,1.5384615384615385,8.45,8.46,1
80,60,40,0.5555555555555556,0.8333333333333333,8.58,8.58,0
80,80,20,0.5555555555555556,0.8333333333333333,8.58,8.58,0
90,60,40,0.5555555555555556,0.8333333333333333,8.58,8.58,0
90,80,20,0.5555555555555556,0.8333333333333333,8.58,8.58,0
100,60,40,0.5555555555555556,0.8333333333333333,8.58,8.58,0
100,80,20,0.5555555555555556,0.8333333333333333,8.58,8.58,0
150,60,40,0.5555555555555556,0.8333333333333333,8.58,8.58,0
150,80,20,0.5555555555555556,0.8333333333333333,8.58,8.58,0
210,60,40,0.5555555555555556,0.8333333333333333,8.58,8.58,0
210,80,20,0.5555555555555556,0.8333333333333333,8.58,8.58,0
280,60,40,0.5555555555555556,0.8333333333333333,8.58,8.58,0
280,80,20,0.5555555555555556,0.8333333333333333,8.58,8.58,0
320,60,40,0.5555555555555556,0.8333333333333333,8.58,8.58,0
320,80,20,0.5555555555555556,0.8333333333333333,8.58,8.58,0
80,60,40,0.5194805194805194,0.7792207792207793,8.58,8.58,0
80,80,20,0.5194805194805194,0.7792207792207793,8.58,8.58,0
90,60,40,0.5194805194805194,0.7792207792207793,8.58,8.58,0
90,80,20,0.5194805194805194,0.7792207792207793,8.58,8.58,0
100,60,40,0.5194805194805194,0.7792207792207793,8.58,8.58,0
100,80,20,0.5194805194805194,0.7792207792207793,8.58,8.58,0
150,60,40,0.5194805194805194,0.7792207792207793,8.58,8.58,0
150,80,20,0.5194805194805194,0.7792207792207793,8.58,8.58,0
210,60,40,0.5194805194805194,0.7792207792207793,8.58,8.58,0
210,80,20,0.5194805194805194,0.7792207792207793,8.58,8.58,0
280,60,40,0.5194805194805194,0.7792207792207793,8.58,8.58,0
280,80,20,0.5194805194805194,0.7792207792207793,8.58,8.58,0
320,60,40,0.5194805194805194,0.7792207792207793,8.58,8.58,0
320,80,20,0.5194805194805194,0.7792207792207793,8.58,8.58,0
97,36,66,1.5384615384615383,2.3076923076923075,0.01,27.35,1
97,73,27,1.5384615384615383,2.3076923076923075,7877.03,27.35,0
97,92,8,1.5384615384615383,2.3076923076923075,4840.39,27.35,0
170,36,66,1.5384615384615383,2.3076923076923075,2791.89,27.35,0
170,73,27,1.5384615384615383,2.3076923076923075,8999.93,27.35,0
170,92,8,1.5384615384615383,2.3076923076923075,4955.72,27.35,0
320,36,66,1.5384615384615383,2.3076923076923075,2649.31,27.35,0
320,73,27,1.5384615384615383,2.3076923076923075,4814.11,27.35,0
320,92,8,1.5384615384615383,2.3076923076923075,5003.04,27.35,0
97,36,66,0.7782101167315175,1.1673151750972763,18.42,44.98,0
97,73,27,0.7782101167315175,1.1673151750972763,7092.93,44.98,0
97,92,8,0.7782101167315175,1.1673151750972763,4704.69,44.98,0
170,36,66,0.7782101167315175,1.1673151750972763,2920.32,44.98,0
170,73,27,0.7782101167315175,1.1673151750972763,7624.03,44.98,0
170,92,8,0.7782101167315175,1.1673151750972763,4669.58,44.98,0
320,36,66,0.7782101167315175,1.1673151750972763,2734.56,44.98,0
320,73,27,0.7782101167315175,1.1673151750972763,4614.49,44.98,0
320,92,8,0.7782101167315175,1.1673151750972763,4703.58,44.98,0
97,36,66,0.5194805194805194,0.7792207792207793,18.42,63.73,0
97,73,27,0.5194805194805194,0.7792207792207793,0.01,63.73,0
97,92,8,0.5194805194805194,0.7792207792207793,4990.76,63.73,0
170,36,66,0.5194805194805194,0.7792207792207793,2786.86,63.73,0
170,73,27,0.5194805194805194,0.7792207792207793,7976.46,63.73,0
170,92,8,0.5194805194805194,0.7792207792207793,4849.69,63.73,0
320,36,66,0.5194805194805194,0.7792207792207793,2667.66,63.73,1
320,73,27,0.5194805194805194,0.7792207792207793,13355.44,63.73,0
320,92,8,0.5194805194805194,0.7792207792207793,5316.17,63.73,0
80,36,66,1.5384615384615383,2.3076923076923075,0.01,4.1,0
80,73,27,1.5384615384615383,2.3076923076923075,2304.49,4.1,0
80,92,8,1.5384615384615383,2.3076923076923075,2166.79,4.1,0
90,36,66,1.5384615384615383,2.3076923076923075,1114.97,4.1,0
90,73,27,1.5384615384615383,2.3076923076923075,4270.91,4.1,0
90,92,8,1.5384615384615383,2.3076923076923075,2124.47,4.1,0
100,36,66,1.5384615384615383,2.3076923076923075,1120.38,4.1,0
100,73,27,1.5384615384615383,2.3076923076923075,4258.54,4.1,0
100,92,8,1.5384615384615383,2.3076923076923075,2163.74,4.1,0
150,36,66,1.5384615384615383,2.3076923076923075,1192.75,4.1,0
150,73,27,1.5384615384615383,2.3076923076923075,19469.05,4.1,0
150,92,8,1.5384615384615383,2.3076923076923075,2800.43,4.1,0
210,36,66,1.5384615384615383,2.3076923076923075,1190.28,4.1,0
210,73,27,1.5384615384615383,2.3076923076923075,5750.26,4.1,0
210,92,8,1.5384615384615383,2.3076923076923075,2282.85,4.1,0
280,36,66,1.5384615384615383,2.3076923076923075,1029.2,4.1,1
280,73,27,1.5384615384615383,2.3076923076923075,9373.09,4.1,0
280,92,8,1.5384615384615383,2.3076923076923075,2415.38,4.1,0
320,36,66,1.5384615384615383,2.3076923076923075,12731.39,4.1,0
320,73,27,1.5384615384615383,2.3076923076923075,4285.51,4.1,0
320,92,8,1.5384615384615383,2.3076923076923075,4459.59,4.1,0
80,36,66,1.2903225806451613,1.9354838709677418,1185.8,4.65,0
80,73,27,1.2903225806451613,1.9354838709677418,4234.47,4.65,0
80,92,8,1.2903225806451613,1.9354838709677418,2075.94,4.65,0
90,36,66,1.2903225806451613,1.9354838709677418,1099.3,4.65,1
90,73,27,1.2903225806451613,1.9354838709677418,4267.45,4.65,0
90,92,8,1.2903225806451613,1.9354838709677418,2161.48,4.65,0
100,36,66,1.2903225806451613,1.9354838709677418,1142.86,4.65,0
100,73,27,1.2903225806451613,1.9354838709677418,4154.67,4.65,0
100,92,8,1.2903225806451613,1.9354838709677418,2218.71,4.65,0
150,36,66,1.2903225806451613,1.9354838709677418,1127.98,4.65,0
150,73,27,1.2903225806451613,1.9354838709677418,4742.7,4.65,0
150,92,8,1.2903225806451613,1.9354838709677418,2252.96,4.65,0
210,36,66,1.2903225806451613,1.9354838709677418,1032.5,4.65,0
210,73,27,1.2903225806451613,1.9354838709677418,4254.22,4.65,0
210,92,8,1.2903225806451613,1.9354838709677418,2193.8,4.65,0
280,36,66,1.2903225806451613,1.9354838709677418,18.41,4.65,0
280,73,27,1.2903225806451613,1.9354838709677418,18.41,4.65,0
280,92,8,1.2903225806451613,1.9354838709677418,1087.87,4.65,0
320,36,66,1.2903225806451613,1.9354838709677418,5066.52,4.65,0
320,73,27,1.2903225806451613,1.9354838709677418,18.41,4.65,1
320,92,8,1.2903225806451613,1.9354838709677418,0.01,4.65,1
80,36,66,1.0256410256410258,1.5384615384615385,1138.93,5.53,0
80,73,27,1.0256410256410258,1.5384615384615385,18.41,5.53,0
80,92,8,1.0256410256410258,1.5384615384615385,2277.65,5.53,0
90,36,66,1.0256410256410258,1.5384615384615385,1049.39,5.53,0
90,73,27,1.0256410256410258,1.5384615384615385,4314.09,5.53,0
90,92,8,1.0256410256410258,1.5384615384615385,2426.14,5.53,0
100,36,66,1.0256410256410258,1.5384615384615385,1115.42,5.53,0
100,73,27,1.0256410256410258,1.5384615384615385,4315.77,5.53,0
100,92,8,1.0256410256410258,1.5384615384615385,2423.91,5.53,0
150,36,66,1.0256410256410258,1.5384615384615385,5394.97,5.53,0
150,73,27,1.0256410256410258,1.5384615384615385,18.42,5.53,0
150,92,8,1.0256410256410258,1.5384615384615385,2448.64,5.53,1
210,36,66,1.0256410256410258,1.5384615384615385,9288.31,5.53,0
210,73,27,1.0256410256410258,1.5384615384615385,1058.39,5.53,0
210,92,8,1.0256410256410258,1.5384615384615385,4484.19,5.53,0
280,36,66,1.0256410256410258,1.5384615384615385,2203.13,5.53,0
280,73,27,1.0256410256410258,1.5384615384615385,2315.65,5.53,0
280,92,8,1.0256410256410258,1.5384615384615385,1044.6,5.53,0
320,36,66,1.0256410256410258,1.5384615384615385,1059.61,5.53,0
320,73,27,1.0256410256410258,1.5384615384615385,3630.44,5.53,0
320,92,8,1.0256410256410258,1.5384615384615385,2247.49,5.53,1
80,36,66,0.5555555555555556,0.8333333333333333,18.42,9.28,0
80,73,27,0.5555555555555556,0.8333333333333333,1108.24,9.28,0
80,92,8,0.5555555555555556,0.8333333333333333,4340.25,9.28,0
90,36,66,0.5555555555555556,0.8333333333333333,2208.99,9.28,0
90,73,27,0.5555555555555556,0.8333333333333333,1113.29,9.28,0
90,92,8,0.5555555555555556,0.8333333333333333,3813.3,9.28,0
100,36,66,0.5555555555555556,0.8333333333333333,2216.04,9.28,0
100,73,27,0.5555555555555556,0.8333333333333333,1077.39,9.28,0
100,92,8,0.5555555555555556,0.8333333333333333,3746.26,9.28,0
150,36,66,0.5555555555555556,0.8333333333333333,1026.4,9.28,0
150,73,27,0.5555555555555556,0.8333333333333333,2184.07,9.28,0
150,92,8,0.5555555555555556,0.8333333333333333,18.41,9.28,0
210,36,66,0.5555555555555556,0.8333333333333333,2289.06,9.28,0
210,73,27,0.5555555555555556,0.8333333333333333,1193.87,9.28,1
210,92,8,0.5555555555555556,0.8333333333333333,9538.89,9.28,0
280,36,66,0.5555555555555556,0.8333333333333333,4982.58,9.28,0
280,73,27,0.5555555555555556,0.8333333333333333,1134.83,9.28,0
280,92,8,0.5555555555555556,0.8333333333333333,3243.27,9.28,1
320,36,66,0.5555555555555556,0.8333333333333333,2378.63,9.28,1
320,73,27,0.5555555555555556,0.8333333333333333,1623.85,9.28,0
320,92,8,0.5555555555555556,0.8333333333333333,1644.26,9.28,0
80,36,66,0.5194805194805194,0.7792207792207793,18.41,9.83,0
80,73,27,0.5194805194805194,0.7792207792207793,1127.1,9.83,0
80,92,8,0.5194805194805194,0.7792207792207793,3636.32,9.83,0
90,36,66,0.5194805194805194,0.7792207792207793,2291.62,9.83,0
90,73,27,0.5194805194805194,0.7792207792207793,1156.94,9.83,0
90,92,8,0.5194805194805194,0.7792207792207793,3630.13,9.83,0
100,36,66,0.5194805194805194,0.7792207792207793,2288.13,9.83,0
100,73,27,0.5194805194805194,0.7792207792207793,1103.17,9.83,0
100,92,8,0.5194805194805194,0.7792207792207793,2048.63,9.83,0
150,36,66,0.5194805194805194,0.7792207792207793,2257.62,9.83,0
150,73,27,0.5194805194805194,0.7792207792207793,18.41,9.83,0
150,92,8,0.5194805194805194,0.7792207792207793,3935.67,9.83,0
210,36,66,0.5194805194805194,0.7792207792207793,2062.11,9.83,0
210,73,27,0.5194805194805194,0.7792207792207793,1212.14,9.83,0
210,92,8,0.5194805194805194,0.7792207792207793,18.41,9.83,0
280,36,66,0.5194805194805194,0.7792207792207793,18.42,9.83,0
280,73,27,0.5194805194805194,0.7792207792207793,2080.75,9.83,0
280,92,8,0.5194805194805194,0.7792207792207793,2449.03,9.83,0
320,36,66,0.5194805194805194,0.7792207792207793,1218.99,9.83,0
320,73,27,0.5194805194805194,0.7792207792207793,3972.66,9.83,0
320,92,8,0.5194805194805194,0.7792207792207793,1993.61,9.83,0
80,100,0,1.5384615384615383,2.3076923076923075,18.41,0.0,1
90,100,0,1.5384615384615383,2.3076923076923075,18.41,0.0,1
100,100,0,1.5384615384615383,2.3076923076923075,16455.98,0.0,1
150,100,0,1.5384615384615383,2.3076923076923075,18.41,0.0,1
210,100,0,1.5384615384615383,2.3076923076923075,18.41,0.0,1
280,100,0,1.5384615384615383,2.3076923076923075,18.41,0.0,1
320,100,0,1.5384615384615383,2.3076923076923075,18.41,0.0,1
80,100,0,1.2903225806451613,1.9354838709677418,18.41,0.0,1
90,100,0,1.2903225806451613,1.9354838709677418,18.41,0.0,1
97,100,0,1.2903225806451613,1.9354838709677418,18.41,0.0,1
100,100,0,1.2903225806451613,1.9354838709677418,18.41,0.0,1
150,100,0,1.2903225806451613,1.9354838709677418,18.41,0.0,1
170,100,0,1.2903225806451613,1.9354838709677418,18.41,0.0,1
210,100,0,1.2903225806451613,1.9354838709677418,18.41,0.0,1
280,100,0,1.2903225806451613,1.9354838709677418,9582.93,0.0,1
320,100,0,1.2903225806451613,1.9354838709677418,18.41,0.0,1
80,100,0,1.0256410256410258,1.5384615384615385,18.41,0.0,1
90,100,0,1.0256410256410258,1.5384615384615385,18.41,0.0,1
97,100,0,1.0256410256410258,1.5384615384615385,18.42,0.0,1
100,100,0,1.0256410256410258,1.5384615384615385,18.41,0.0,1
150,100,0,1.0256410256410258,1.5384615384615385,18.41,0.0,1
170,100,0,1.0256410256410258,1.5384615384615385,18.42,0.0,1
210,100,0,1.0256410256410258,1.5384615384615385,18.42,0.0,1
280,100,0,1.0256410256410258,1.5384615384615385,18.42,0.0,1
320,100,0,1.0256410256410258,1.5384615384615385,18.42,0.0,1
97,100,0,0.7782101167315175,1.1673151750972763,18.41,0.0,1
170,100,0,0.7782101167315175,1.1673151750972763,18.41,0.0,1
210,100,0,0.7782101167315175,1.1673151750972763,18.41,0.0,1
320,100,0,0.7782101167315175,1.1673151750972763,18.41,0.0,1
80,100,0,0.5555555555555556,0.8333333333333333,0.01,0.0,1
90,100,0,0.5555555555555556,0.8333333333333333,18.42,0.0,1
97,100,0,0.5555555555555556,0.8333333333333333,18.41,0.0,1
100,100,0,0.5555555555555556,0.8333333333333333,18.42,0.0,1
150,100,0,0.5555555555555556,0.8333333333333333,18.42,0.0,1
170,100,0,0.5555555555555556,0.8333333333333333,18.41,0.0,1
210,100,0,0.5555555555555556,0.8333333333333333,18.41,0.0,1
280,100,0,0.5555555555555556,0.8333333333333333,18.42,0.0,1
320,100,0,0.5555555555555556,0.8333333333333333,18.41,0.0,1
80,100,0,0.5194805194805194,0.7792207792207793,18.42,0.0,1
90,100,0,0.5194805194805194,0.7792207792207793,18.42,0.0,1
100,100,0,0.5194805194805194,0.7792207792207793,18.42,0.0,1
150,100,0,0.5194805194805194,0.7792207792207793,18.42,0.0,1
210,100,0,0.5194805194805194,0.7792207792207793,18.42,0.0,1
280,100,0,0.5194805194805194,0.7792207792207793,18.42,0.0,1
320,100,0,0.5194805194805194,0.7792207792207793,18.41,0.0,1
80,36,66,1.5384615384615383,2.3076923076923075,18.41,429.71,0
80,73,27,1.5384615384615383,2.3076923076923075,18.41,413.92,1
80,86,14,1.5384615384615383,2.3076923076923075,18.41,381.7,0
80,92,8,1.5384615384615383,2.3076923076923075,18.41,429.99,0
90,36,66,1.5384615384615383,2.3076923076923075,18.41,421.47,1
90,73,27,1.5384615384615383,2.3076923076923075,18.41,421.47,1
90,86,14,1.5384615384615383,2.3076923076923075,18.41,421.47,0
90,92,8,1.5384615384615383,2.3076923076923075,18.41,421.47,1
100,36,66,1.5384615384615383,2.3076923076923075,18.41,353.75,1
100,73,27,1.5384615384615383,2.3076923076923075,18.41,421.53,1
100,86,14,1.5384615384615383,2.3076923076923075,18.41,353.75,0
100,92,8,1.5384615384615383,2.3076923076923075,18.41,353.75,1
150,36,66,1.5384615384615383,2.3076923076923075,18.41,393.2,0
150,73,27,1.5384615384615383,2.3076923076923075,18.41,421.78,1
150,86,14,1.5384615384615383,2.3076923076923075,18.41,421.78,0
150,92,8,1.5384615384615383,2.3076923076923075,18.41,421.78,1
210,36,66,1.5384615384615383,2.3076923076923075,18.41,445.64,0
210,73,27,1.5384615384615383,2.3076923076923075,18.41,433.78,1
210,86,14,1.5384615384615383,2.3076923076923075,18.41,433.78,0
210,92,8,1.5384615384615383,2.3076923076923075,18.41,369.9,1
280,36,66,1.5384615384615383,2.3076923076923075,18.41,370.07,1
280,73,27,1.5384615384615383,2.3076923076923075,18.41,370.07,1
280,86,14,1.5384615384615383,2.3076923076923075,18.41,370.07,1
280,92,8,1.5384615384615383,2.3076923076923075,18.41,370.07,1
320,36,66,1.5384615384615383,2.3076923076923075,18.41,405.51,1
320,73,27,1.5384615384615383,2.3076923076923075,18.41,405.51,1
320,86,14,1.5384615384615383,2.3076923076923075,18.41,405.51,1
320,92,8,1.5384615384615383,2.3076923076923075,18.41,405.51,1
80,36,66,1.2903225806451613,1.9354838709677418,18.41,426.62,1
80,73,27,1.2903225806451613,1.9354838709677418,18.41,438.34,1
80,86,14,1.2903225806451613,1.9354838709677418,18.41,420.97,0
80,92,8,1.2903225806451613,1.9354838709677418,18.41,432.99,0
90,36,66,1.2903225806451613,1.9354838709677418,18.41,465.03,0
90,73,27,1.2903225806451613,1.9354838709677418,18.41,381.86,0
90,86,14,1.2903225806451613,1.9354838709677418,18.41,457.02,1
90,92,8,1.2903225806451613,1.9354838709677418,18.41,457.02,1
97,36,66,1.2903225806451613,1.9354838709677418,18.41,456.9,1
97,73,27,1.2903225806451613,1.9354838709677418,18.41,456.9,0
97,86,14,1.2903225806451613,1.9354838709677418,18.41,456.9,0
97,92,8,1.2903225806451613,1.9354838709677418,18.41,456.9,1
100,36,66,1.2903225806451613,1.9354838709677418,18.41,369.56,1
100,73,27,1.2903225806451613,1.9354838709677418,18.41,369.56,1
100,86,14,1.2903225806451613,1.9354838709677418,18.41,369.56,0
100,92,8,1.2903225806451613,1.9354838709677418,18.41,369.56,1
150,36,66,1.2903225806451613,1.9354838709677418,18.41,413.96,1
150,73,27,1.2903225806451613,1.9354838709677418,18.41,381.86,1
150,86,14,1.2903225806451613,1.9354838709677418,18.41,381.86,0
150,92,8,1.2903225806451613,1.9354838709677418,18.42,348.33,1
170,36,66,1.2903225806451613,1.9354838709677418,18.41,456.9,0
170,73,27,1.2903225806451613,1.9354838709677418,18.41,456.9,0
170,86,14,1.2903225806451613,1.9354838709677418,18.41,456.9,1
170,92,8,1.2903225806451613,1.9354838709677418,18.41,456.9,0
210,36,66,1.2903225806451613,1.9354838709677418,18.41,476.74,0
210,73,27,1.2903225806451613,1.9354838709677418,18.41,480.71,1
210,86,14,1.2903225806451613,1.9354838709677418,18.41,488.65,0
210,92,8,1.2903225806451613,1.9354838709677418,18.41,492.61,0
280,36,66,1.2903225806451613,1.9354838709677418,18.41,449.01,0
280,73,27,1.2903225806451613,1.9354838709677418,18.41,381.86,0
280,86,14,1.2903225806451613,1.9354838709677418,18.41,11.87,0
280,92,8,1.2903225806451613,1.9354838709677418,2302.09,301.13,1
320,36,66,1.2903225806451613,1.9354838709677418,18.41,456.9,0
320,73,27,1.2903225806451613,1.9354838709677418,18.41,456.9,0
320,86,14,1.2903225806451613,1.9354838709677418,18.41,460.87,0
320,92,8,1.2903225806451613,1.9354838709677418,18.41,468.81,0
80,36,66,1.0256410256410258,1.5384615384615385,18.41,360.57,0
80,73,27,1.0256410256410258,1.5384615384615385,18.41,360.57,1
80,86,14,1.0256410256410258,1.5384615384615385,34414.94,11.33,1
80,92,8,1.0256410256410258,1.5384615384615385,18.41,360.57,1
90,36,66,1.0256410256410258,1.5384615384615385,18.41,360.57,0
90,73,27,1.0256410256410258,1.5384615384615385,18.41,360.57,1
90,86,14,1.0256410256410258,1.5384615384615385,18.41,385.77,1
90,92,8,1.0256410256410258,1.5384615384615385,18.41,373.86,0
97,36,66,1.0256410256410258,1.5384615384615385,0.01,11.6,1
97,73,27,1.0256410256410258,1.5384615384615385,18.42,142.7,1
97,86,14,1.0256410256410258,1.5384615384615385,18.42,157.0,1
97,92,8,1.0256410256410258,1.5384615384615385,18.42,169.26,1
100,36,66,1.0256410256410258,1.5384615384615385,18.41,357.97,1
100,73,27,1.0256410256410258,1.5384615384615385,18.41,354.0,0
100,86,14,1.0256410256410258,1.5384615384615385,18.41,354.0,1
100,92,8,1.0256410256410258,1.5384615384615385,18.41,354.0,1
150,36,66,1.0256410256410258,1.5384615384615385,18.41,280.04,0
150,73,27,1.0256410256410258,1.5384615384615385,18.41,254.08,0
150,86,14,1.0256410256410258,1.5384615384615385,18.41,224.6,1
150,92,8,1.0256410256410258,1.5384615384615385,3635.62,187.11,0
170,36,66,1.0256410256410258,1.5384615384615385,18.42,180.17,1
170,73,27,1.0256410256410258,1.5384615384615385,18.42,193.8,1
170,86,14,1.0256410256410258,1.5384615384615385,18.42,206.07,0
170,92,8,1.0256410256410258,1.5384615384615385,18.42,214.24,0
210,36,66,1.0256410256410258,1.5384615384615385,18.42,253.07,1
210,73,27,1.0256410256410258,1.5384615384615385,18.42,261.25,1
210,86,14,1.0256410256410258,1.5384615384615385,18.42,268.07,0
210,92,8,1.0256410256410258,1.5384615384615385,18.42,272.16,0
280,36,66,1.0256410256410258,1.5384615384615385,18.41,360.57,1
280,73,27,1.0256410256410258,1.5384615384615385,18.41,360.57,1
280,86,14,1.0256410256410258,1.5384615384615385,18.41,360.57,0
280,92,8,1.0256410256410258,1.5384615384615385,18.42,11.71,1
320,36,66,1.0256410256410258,1.5384615384615385,18.42,221.06,1
320,73,27,1.0256410256410258,1.5384615384615385,18.42,231.27,1
320,86,14,1.0256410256410258,1.5384615384615385,18.42,239.44,0
320,92,8,1.0256410256410258,1.5384615384615385,18.42,246.26,1
97,36,66,0.7782101167315175,1.1673151750972763,0.01,189.92,1
97,73,27,0.7782101167315175,1.1673151750972763,18.41,201.26,1
97,86,14,0.7782101167315175,1.1673151750972763,18.41,209.5,1
97,92,8,0.7782101167315175,1.1673151750972763,18.41,215.8,1
170,36,66,0.7782101167315175,1.1673151750972763,18.41,222.09,1
170,73,27,0.7782101167315175,1.1673151750972763,18.41,229.65,1
170,86,14,0.7782101167315175,1.1673151750972763,18.41,237.21,0
170,92,8,0.7782101167315175,1.1673151750972763,18.41,242.25,1
210,36,66,0.7782101167315175,1.1673151750972763,18.41,368.03,1
210,73,27,0.7782101167315175,1.1673151750972763,18.41,368.03,0
210,86,14,0.7782101167315175,1.1673151750972763,18.41,368.03,0
210,92,8,0.7782101167315175,1.1673151750972763,18.41,368.03,0
320,36,66,0.7782101167315175,1.1673151750972763,18.41,368.03,1
320,73,27,0.7782101167315175,1.1673151750972763,18.41,368.03,1
320,86,14,0.7782101167315175,1.1673151750972763,18.41,368.03,1
320,92,8,0.7782101167315175,1.1673151750972763,18.41,368.03,1
80,36,66,0.5555555555555556,0.8333333333333333,18.41,477.43,0
80,73,27,0.5555555555555556,0.8333333333333333,18.41,323.64,1
80,86,14,0.5555555555555556,0.8333333333333333,18.41,236.61,0
80,92,8,0.5555555555555556,0.8333333333333333,18.42,443.24,1
90,36,66,0.5555555555555556,0.8333333333333333,18.42,11.42,1
90,73,27,0.5555555555555556,0.8333333333333333,18.42,11.69,1
90,86,14,0.5555555555555556,0.8333333333333333,18.42,176.3,1
90,92,8,0.5555555555555556,0.8333333333333333,18.42,191.19,0
97,36,66,0.5555555555555556,0.8333333333333333,18.41,11.69,1
97,73,27,0.5555555555555556,0.8333333333333333,18.41,11.87,0
97,86,14,0.5555555555555556,0.8333333333333333,18.41,12.0,0
97,92,8,0.5555555555555556,0.8333333333333333,18.41,12.27,0
100,36,66,0.5555555555555556,0.8333333333333333,18.42,428.52,0
100,73,27,0.5555555555555556,0.8333333333333333,18.42,417.39,1
100,86,14,0.5555555555555556,0.8333333333333333,18.42,340.63,1
100,92,8,0.5555555555555556,0.8333333333333333,18.42,340.63,1
150,36,66,0.5555555555555556,0.8333333333333333,18.42,340.63,1
150,73,27,0.5555555555555556,0.8333333333333333,18.42,357.73,1
150,86,14,0.5555555555555556,0.8333333333333333,18.42,362.17,1
150,92,8,0.5555555555555556,0.8333333333333333,18.42,362.17,0
170,36,66,0.5555555555555556,0.8333333333333333,18.41,139.4,0
170,73,27,0.5555555555555556,0.8333333333333333,18.41,146.11,1
170,86,14,0.5555555555555556,0.8333333333333333,18.41,153.49,0
170,92,8,0.5555555555555556,0.8333333333333333,18.41,157.52,1
210,36,66,0.5555555555555556,0.8333333333333333,18.41,183.01,1
210,73,27,0.5555555555555556,0.8333333333333333,18.41,188.38,0
210,86,14,0.5555555555555556,0.8333333333333333,18.41,193.75,0
210,92,8,0.5555555555555556,0.8333333333333333,18.41,196.43,0
280,36,66,0.5555555555555556,0.8333333333333333,18.42,362.17,0
280,73,27,0.5555555555555556,0.8333333333333333,18.42,376.89,0
280,86,14,0.5555555555555556,0.8333333333333333,18.42,391.62,0
280,92,8,0.5555555555555556,0.8333333333333333,18.42,402.66,0
320,36,66,0.5555555555555556,0.8333333333333333,18.41,162.89,0
320,73,27,0.5555555555555556,0.8333333333333333,18.41,169.59,0
320,86,14,0.5555555555555556,0.8333333333333333,18.41,174.96,1
320,92,8,0.5555555555555556,0.8333333333333333,18.41,178.99,1
80,36,66,0.5194805194805194,0.7792207792207793,18.42,185.03,0
80,73,27,0.5194805194805194,0.7792207792207793,18.42,189.15,1
80,86,14,0.5194805194805194,0.7792207792207793,18.42,193.27,0
80,92,8,0.5194805194805194,0.7792207792207793,18.42,197.4,0
90,36,66,0.5194805194805194,0.7792207792207793,18.42,182.29,1
90,73,27,0.5194805194805194,0.7792207792207793,18.42,176.79,0
90,86,14,0.5194805194805194,0.7792207792207793,18.42,171.74,0
90,92,8,0.5194805194805194,0.7792207792207793,18.42,11.79,0
100,36,66,0.5194805194805194,0.7792207792207793,18.42,205.64,0
100,73,27,0.5194805194805194,0.7792207792207793,18.42,167.89,1
100,86,14,0.5194805194805194,0.7792207792207793,18.42,158.31,1
100,92,8,0.5194805194805194,0.7792207792207793,18.42,202.89,1
150,36,66,0.5194805194805194,0.7792207792207793,18.42,142.69,1
150,73,27,0.5194805194805194,0.7792207792207793,18.42,172.01,0
150,86,14,0.5194805194805194,0.7792207792207793,18.42,200.14,0
150,92,8,0.5194805194805194,0.7792207792207793,18.42,162.39,0
210,36,66,0.5194805194805194,0.7792207792207793,0.01,11.81,0
210,73,27,0.5194805194805194,0.7792207792207793,18.42,12.11,1
210,86,14,0.5194805194805194,0.7792207792207793,18.42,149.36,0
210,92,8,0.5194805194805194,0.7792207792207793,18.42,162.39,0
280,36,66,0.5194805194805194,0.7792207792207793,18.42,172.01,1
280,73,27,0.5194805194805194,0.7792207792207793,18.42,156.9,1
280,86,14,0.5194805194805194,0.7792207792207793,18.42,195.36,0
280,92,8,0.5194805194805194,0.7792207792207793,18.42,184.37,1
320,36,66,0.5194805194805194,0.7792207792207793,18.42,156.9,0
320,73,27,0.5194805194805194,0.7792207792207793,18.42,156.9,1
320,86,14,0.5194805194805194,0.7792207792207793,18.42,156.9,1
320,92,8,0.5194805194805194,0.7792207792207793,18.41,199.59,1
90,75,25,1.5384615384615383,2.3076923076923075,27.2,8.46,0
80,25,75,0.5194805194805194,0.7792207792207793,63.58,8.58,1
80,75,25,0.5194805194805194,0.7792207792207793,63.58,8.58,0
80,85,15,0.5194805194805194,0.7792207792207793,63.58,8.58,0
100,25,75,0.5194805194805194,0.7792207792207793,63.58,8.58,0
100,75,25,0.5194805194805194,0.7792207792207793,63.58,8.58,0
100,85,15,0.5194805194805194,0.7792207792207793,63.58,8.58,0
300,25,75,0.5194805194805194,0.7792207792207793,63.58,8.58,1
300,75,25,0.5194805194805194,0.7792207792207793,63.58,8.58,0
300,85,15,0.5194805194805194,0.7792207792207793,63.58,8.58,0
80,25,75,0.3883495145631068,0.5825242718446602,81.21,8.58,1
80,75,25,0.3883495145631068,0.5825242718446602,81.21,8.58,0
80,85,15,0.3883495145631068,0.5825242718446602,81.21,8.58,0
100,25,75,0.3883495145631068,0.5825242718446602,81.21,8.58,0
100,75,25,0.3883495145631068,0.5825242718446602,81.21,8.58,0
100,85,15,0.3883495145631068,0.5825242718446602,81.21,8.58,0
300,25,75,0.3883495145631068,0.5825242718446602,81.21,8.58,1
300,75,25,0.3883495145631068,0.5825242718446602,81.21,8.58,0
300,85,15,0.3883495145631068,0.5825242718446602,81.21,8.58,0
80,30,70,1.5384615384615383,2.3076923076923075,17.83,44952.39,1
80,72,28,1.5384615384615383,2.3076923076923075,17.83,58396.53,1
80,89,11,1.5384615384615383,2.3076923076923075,17.83,70821.44,0
90,30,70,1.5384615384615383,2.3076923076923075,17.84,80664.68,0
90,72,28,1.5384615384615383,2.3076923076923075,17.84,90621.74,1
90,89,11,1.5384615384615383,2.3076923076923075,17.84,100081.72,1
97,30,70,1.5384615384615383,2.3076923076923075,17.83,440.15,1
97,72,28,1.5384615384615383,2.3076923076923075,17.83,26648.75,0
97,89,11,1.5384615384615383,2.3076923076923075,17.83,33613.96,0
170,30,70,1.5384615384615383,2.3076923076923075,17.84,39640.61,0
170,72,28,1.5384615384615383,2.3076923076923075,17.84,45937.74,0
170,89,11,1.5384615384615383,2.3076923076923075,17.84,51737.22,0
280,30,70,1.5384615384615383,2.3076923076923075,17.83,3734.79,1
280,89,11,1.5384615384615383,2.3076923076923075,17.83,483.51,1
320,30,70,1.5384615384615383,2.3076923076923075,17.84,57329.9,0
320,72,28,1.5384615384615383,2.3076923076923075,17.84,64072.8,0
320,89,11,1.5384615384615383,2.3076923076923075,17.84,70402.56,1
97,30,70,0.7782101167315175,1.1673151750972763,26.65,21077.21,1
97,72,28,0.7782101167315175,1.1673151750972763,26.65,22465.77,0
97,89,11,0.7782101167315175,1.1673151750972763,26.65,23757.85,0
170,30,70,0.7782101167315175,1.1673151750972763,26.65,24964.15,0
170,72,28,0.7782101167315175,1.1673151750972763,26.65,26362.6,0
170,89,11,0.7782101167315175,1.1673151750972763,26.65,27754.09,0
320,30,70,0.7782101167315175,1.1673151750972763,26.65,29083.96,0
320,72,28,0.7782101167315175,1.1673151750972763,26.65,30693.21,0
320,89,11,0.7782101167315175,1.1673151750972763,26.65,32256.39,0
97,30,70,0.5194805194805194,0.7792207792207793,36.09,19572.66,0
97,72,28,0.5194805194805194,0.7792207792207793,36.09,20641.56,1
97,89,11,0.5194805194805194,0.7792207792207793,36.09,21683.93,0
170,30,70,0.5194805194805194,0.7792207792207793,36.09,22701.13,0
170,72,28,0.5194805194805194,0.7792207792207793,36.09,23853.3,1
170,89,11,0.5194805194805194,0.7792207792207793,36.09,24989.33,1
320,30,70,0.5194805194805194,0.7792207792207793,36.09,26090.36,0
320,72,28,0.5194805194805194,0.7792207792207793,36.09,27383.31,1
320,89,11,0.5194805194805194,0.7792207792207793,36.09,28638.17,0
90,23,77,0.7782101167315175,1.1673151750972763,26.65,63.32,1
90,72,28,0.7782101167315175,1.1673151750972763,26.65,71.52,1
90,89,11,0.7782101167315175,1.1673151750972763,26.65,82.21,1
150,23,77,0.7782101167315175,1.1673151750972763,26.65,1451.46,1
150,72,28,0.7782101167315175,1.1673151750972763,26.65,1587.92,1
150,89,11,0.7782101167315175,1.1673151750972763,26.65,1705.13,1
280,23,77,0.7782101167315175,1.1673151750972763,26.65,1808.98,0
280,72,28,0.7782101167315175,1.1673151750972763,26.65,1927.38,1
280,89,11,0.7782101167315175,1.1673151750972763,26.65,2042.27,1
90,23,77,0.5194805194805194,0.7792207792207793,36.09,63.4,1
90,72,28,0.5194805194805194,0.7792207792207793,36.09,68.71,0
90,89,11,0.5194805194805194,0.7792207792207793,36.09,73.14,0
150,23,77,0.5194805194805194,0.7792207792207793,36.09,80.15,0
150,72,28,0.5194805194805194,0.7792207792207793,36.09,1551.46,0
150,89,11,0.5194805194805194,0.7792207792207793,36.09,1640.05,0
280,23,77,0.5194805194805194,0.7792207792207793,36.09,1719.46,1
280,72,28,0.5194805194805194,0.7792207792207793,36.09,1817.62,0
280,89,11,0.5194805194805194,0.7792207792207793,36.09,1906.06,1
80,100,0,1.5384615384615383,2.3076923076923075,27.2,0.0,0
80,100,0,1.5384615384615383,2.3076923076923075,27.2,0.0,1
90,100,0,1.5384615384615383,2.3076923076923075,27.2,0.0,0
90,100,0,1.5384615384615383,2.3076923076923075,27.2,0.0,0
100,100,0,1.5384615384615383,2.3076923076923075,27.2,0.0,1
100,100,0,1.5384615384615383,2.3076923076923075,27.2,0.0,0
150,100,0,1.5384615384615383,2.3076923076923075,27.2,0.0,1
150,100,0,1.5384615384615383,2.3076923076923075,27.2,0.0,0
210,100,0,1.5384615384615383,2.3076923076923075,27.2,0.0,1
210,100,0,1.5384615384615383,2.3076923076923075,27.2,0.0,0
280,100,0,1.5384615384615383,2.3076923076923075,27.2,0.0,1
280,100,0,1.5384615384615383,2.3076923076923075,27.2,0.0,0
320,100,0,1.5384615384615383,2.3076923076923075,27.2,0.0,0
320,100,0,1.5384615384615383,2.3076923076923075,27.2,0.0,0
80,100,0,1.2903225806451613,1.9354838709677418,30.73,0.0,1
80,100,0,1.2903225806451613,1.9354838709677418,30.73,0.0,0
90,100,0,1.2903225806451613,1.9354838709677418,30.73,0.0,1
90,100,0,1.2903225806451613,1.9354838709677418,30.73,0.0,0
100,100,0,1.2903225806451613,1.9354838709677418,30.73,0.0,1
100,100,0,1.2903225806451613,1.9354838709677418,30.73,0.0,0
150,100,0,1.2903225806451613,1.9354838709677418,30.73,0.0,1
150,100,0,1.2903225806451613,1.9354838709677418,30.73,0.0,0
210,100,0,1.2903225806451613,1.9354838709677418,30.73,0.0,0
210,100,0,1.2903225806451613,1.9354838709677418,30.73,0.0,0
280,100,0,1.2903225806451613,1.9354838709677418,30.73,0.0,0
280,100,0,1.2903225806451613,1.9354838709677418,30.73,0.0,0
320,100,0,1.2903225806451613,1.9354838709677418,30.73,0.0,0
320,100,0,1.2903225806451613,1.9354838709677418,30.73,0.0,0
80,100,0,1.0256410256410258,1.5384615384615385,36.51,0.0,0
80,100,0,1.0256410256410258,1.5384615384615385,36.52,0.0,0
90,100,0,1.0256410256410258,1.5384615384615385,36.51,0.0,0
90,100,0,1.0256410256410258,1.5384615384615385,36.52,0.0,0
100,100,0,1.0256410256410258,1.5384615384615385,36.51,0.0,1
100,100,0,1.0256410256410258,1.5384615384615385,36.52,0.0,0
150,100,0,1.0256410256410258,1.5384615384615385,36.51,0.0,0
150,100,0,1.0256410256410258,1.5384615384615385,36.52,0.0,0
210,100,0,1.0256410256410258,1.5384615384615385,36.51,0.0,0
210,100,0,1.0256410256410258,1.5384615384615385,36.51,0.0,1
280,100,0,1.0256410256410258,1.5384615384615385,36.51,0.0,0
280,100,0,1.0256410256410258,1.5384615384615385,36.52,0.0,0
320,100,0,1.0256410256410258,1.5384615384615385,36.51,0.0,0
320,100,0,1.0256410256410258,1.5384615384615385,36.51,0.0,0
80,100,0,0.5555555555555556,0.8333333333333333,59.93,0.0,0
80,100,0,0.5555555555555556,0.8333333333333333,59.93,0.0,0
90,100,0,0.5555555555555556,0.8333333333333333,60.06,0.0,0
90,100,0,0.5555555555555556,0.8333333333333333,60.06,0.0,0
100,100,0,0.5555555555555556,0.8333333333333333,60.05,0.0,0
100,100,0,0.5555555555555556,0.8333333333333333,60.05,0.0,0
150,100,0,0.5555555555555556,0.8333333333333333,60.05,0.0,0
150,100,0,0.5555555555555556,0.8333333333333333,60.05,0.0,0
210,100,0,0.5555555555555556,0.8333333333333333,60.05,0.0,0
210,100,0,0.5555555555555556,0.8333333333333333,60.05,0.0,0
280,100,0,0.5555555555555556,0.8333333333333333,60.05,0.0,0
280,100,0,0.5555555555555556,0.8333333333333333,60.05,0.0,0
320,100,0,0.5555555555555556,0.8333333333333333,60.05,0.0,0
320,100,0,0.5555555555555556,0.8333333333333333,60.05,0.0,0
80,100,0,0.5194805194805194,0.7792207792207793,63.58,0.0,0
80,100,0,0.5194805194805194,0.7792207792207793,63.58,0.0,0
90,100,0,0.5194805194805194,0.7792207792207793,63.58,0.0,0
90,100,0,0.5194805194805194,0.7792207792207793,63.58,0.0,0
100,100,0,0.5194805194805194,0.7792207792207793,63.58,0.0,0
100,100,0,0.5194805194805194,0.7792207792207793,63.58,0.0,0
150,100,0,0.5194805194805194,0.7792207792207793,63.58,0.0,0
150,100,0,0.5194805194805194,0.7792207792207793,63.58,0.0,0
210,100,0,0.5194805194805194,0.7792207792207793,63.58,0.0,0
210,100,0,0.5194805194805194,0.7792207792207793,63.58,0.0,0
280,100,0,0.5194805194805194,0.7792207792207793,63.58,0.0,0
280,100,0,0.5194805194805194,0.7792207792207793,63.58,0.0,0
320,100,0,0.5194805194805194,0.7792207792207793,63.58,0.0,0
320,100,0,0.5194805194805194,0.7792207792207793,63.58,0.0,0
80,25,75,1.5384615384615383,2.3076923076923075,27.2,8.46,0
80,75,25,1.5384615384615383,2.3076923076923075,27.2,8.46,0
80,85,15,1.5384615384615383,2.3076923076923075,27.2,8.46,0
90,25,75,1.5384615384615383,2.3076923076923075,27.2,8.46,0
90,85,15,1.5384615384615383,2.3076923076923075,27.2,8.46,0
100,25,75,1.5384615384615383,2.3076923076923075,27.2,8.46,0
100,75,25,1.5384615384615383,2.3076923076923075,27.2,8.46,0
100,85,15,1.5384615384615383,2.3076923076923075,27.2,8.46,1
150,25,75,1.5384615384615383,2.3076923076923075,27.2,8.46,0
150,75,25,1.5384615384615383,2.3076923076923075,27.2,8.46,0
150,85,15,1.5384615384615383,2.3076923076923075,27.2,8.46,1
210,25,75,1.5384615384615383,2.3076923076923075,27.2,8.46,0
210,75,25,1.5384615384615383,2.3076923076923075,27.2,8.46,0
210,85,15,1.5384615384615383,2.3076923076923075,27.2,8.46,1
280,25,75,1.5384615384615383,2.3076923076923075,27.2,8.46,0
280,75,25,1.5384615384615383,2.3076923076923075,27.2,8.46,0
280,85,15,1.5384615384615383,2.3076923076923075,27.2,8.46,0
320,25,75,1.5384615384615383,2.3076923076923075,27.2,8.46,0
320,75,25,1.5384615384615383,2.3076923076923075,27.2,8.46,0
320,85,15,1.5384615384615383,2.3076923076923075,27.2,8.46,0
80,25,75,1.2903225806451613,1.9354838709677418,30.73,8.46,1
80,75,25,1.2903225806451613,1.9354838709677418,30.73,8.46,1
80,85,15,1.2903225806451613,1.9354838709677418,30.73,8.46,0
90,25,75,1.2903225806451613,1.9354838709677418,30.73,8.46,0
90,75,25,1.2903225806451613,1.9354838709677418,30.73,8.46,1
90,85,15,1.2903225806451613,1.9354838709677418,30.73,8.46,0
100,25,75,1.2903225806451613,1.9354838709677418,30.73,8.46,0
100,75,25,1.2903225806451613,1.9354838709677418,30.73,8.46,0
100,85,15,1.2903225806451613,1.9354838709677418,30.73,8.46,0
150,25,75,1.2903225806451613,1.9354838709677418,30.73,8.46,1
150,75,25,1.2903225806451613,1.9354838709677418,30.73,8.46,1
150,85,15,1.2903225806451613,1.9354838709677418,30.73,8.46,0
210,25,75,1.2903225806451613,1.9354838709677418,30.73,8.46,0
210,75,25,1.2903225806451613,1.9354838709677418,30.73,8.46,0
210,85,15,1.2903225806451613,1.9354838709677418,30.73,8.46,0
280,25,75,1.2903225806451613,1.9354838709677418,30.73,8.46,0
280,75,25,1.2903225806451613,1.9354838709677418,30.73,8.46,0
280,85,15,1.2903225806451613,1.9354838709677418,30.73,8.46,1
320,25,75,1.2903225806451613,1.9354838709677418,30.73,8.46,1
320,75,25,1.2903225806451613,1.9354838709677418,30.73,8.46,1
320,85,15,1.2903225806451613,1.9354838709677418,30.73,8.46,0
80,25,75,1.0256410256410258,1.5384615384615385,36.51,8.46,1
80,75,25,1.0256410256410258,1.5384615384615385,36.51,8.46,1
80,85,15,1.0256410256410258,1.5384615384615385,36.51,8.46,1
90,25,75,1.0256410256410258,1.5384615384615385,36.51,8.46,1
90,75,25,1.0256410256410258,1.5384615384615385,36.51,8.46,1
90,85,15,1.0256410256410258,1.5384615384615385,36.51,8.46,0
100,25,75,1.0256410256410258,1.5384615384615385,36.51,8.46,1
100,75,25,1.0256410256410258,1.5384615384615385,36.51,8.46,1
100,85,15,1.0256410256410258,1.5384615384615385,36.51,8.46,0
150,25,75,1.0256410256410258,1.5384615384615385,36.51,8.46,1
150,75,25,1.0256410256410258,1.5384615384615385,36.51,8.46,1
150,85,15,1.0256410256410258,1.5384615384615385,36.52,8.46,0
210,25,75,1.0256410256410258,1.5384615384615385,36.51,8.46,0
210,75,25,1.0256410256410258,1.5384615384615385,36.51,8.46,0
210,85,15,1.0256410256410258,1.5384615384615385,36.51,8.46,0
280,25,75,1.0256410256410258,1.5384615384615385,36.51,8.46,0
280,75,25,1.0256410256410258,1.5384615384615385,36.51,8.46,0
280,85,15,1.0256410256410258,1.5384615384615385,36.51,8.46,0
320,25,75,1.0256410256410258,1.5384615384615385,36.51,8.46,0
320,75,25,1.0256410256410258,1.5384615384615385,36.51,8.46,0
320,85,15,1.0256410256410258,1.5384615384615385,36.51,8.46,0
80,25,75,0.5555555555555556,0.8333333333333333,59.93,8.46,1
80,75,25,0.5555555555555556,0.8333333333333333,59.93,8.46,0
80,85,15,0.5555555555555556,0.8333333333333333,59.93,8.46,0
90,25,75,0.5555555555555556,0.8333333333333333,59.93,8.46,0
90,75,25,0.5555555555555556,0.8333333333333333,59.93,8.46,0
90,85,15,0.5555555555555556,0.8333333333333333,60.05,8.58,0
100,25,75,0.5555555555555556,0.8333333333333333,60.05,8.58,1
100,75,25,0.5555555555555556,0.8333333333333333,59.93,8.46,1
100,85,15,0.5555555555555556,0.8333333333333333,60.05,8.58,0
150,25,75,0.5555555555555556,0.8333333333333333,60.05,8.58,1
150,75,25,0.5555555555555556,0.8333333333333333,60.05,8.58,0
150,85,15,0.5555555555555556,0.8333333333333333,60.05,8.58,0
210,25,75,0.5555555555555556,0.8333333333333333,60.05,8.58,0
210,75,25,0.5555555555555556,0.8333333333333333,60.05,8.58,0
210,85,15,0.5555555555555556,0.8333333333333333,60.05,8.58,0
280,25,75,0.5555555555555556,0.8333333333333333,60.05,8.58,0
280,75,25,0.5555555555555556,0.8333333333333333,60.05,8.58,0
280,85,15,0.5555555555555556,0.8333333333333333,60.05,8.58,0
320,25,75,0.5555555555555556,0.8333333333333333,60.05,8.58,0
320,75,25,0.5555555555555556,0.8333333333333333,60.05,8.58,0
320,85,15,0.5555555555555556,0.8333333333333333,60.05,8.58,0
80,25,75,0.5194805194805194,0.7792207792207793,63.58,8.58,1
80,75,25,0.5194805194805194,0.7792207792207793,63.58,8.58,1
80,85,15,0.5194805194805194,0.7792207792207793,63.58,8.58,0
90,25,75,0.5194805194805194,0.7792207792207793,63.58,8.58,0
90,75,25,0.5194805194805194,0.7792207792207793,63.58,8.58,0
90,85,15,0.5194805194805194,0.7792207792207793,63.58,8.58,0
100,25,75,0.5194805194805194,0.7792207792207793,63.58,8.58,0
100,75,25,0.5194805194805194,0.7792207792207793,63.58,8.58,0
100,85,15,0.5194805194805194,0.7792207792207793,63.58,8.58,0
150,25,75,0.5194805194805194,0.7792207792207793,63.58,8.58,0
150,75,25,0.5194805194805194,0.7792207792207793,63.58,8.58,0
150,85,15,0.5194805194805194,0.7792207792207793,63.58,8.58,0
210,25,75,0.5194805194805194,0.7792207792207793,63.58,8.58,0
210,75,25,0.5194805194805194,0.7792207792207793,63.58,8.58,0
210,85,15,0.5194805194805194,0.7792207792207793,63.58,8.58,0
280,25,75,0.5194805194805194,0.7792207792207793,63.58,8.58,1
280,75,25,0.5194805194805194,0.7792207792207793,63.58,8.58,0
280,85,15,0.5194805194805194,0.7792207792207793,63.58,8.58,0
320,25,75,0.5194805194805194,0.7792207792207793,63.58,8.58,0
320,75,25,0.5194805194805194,0.7792207792207793,63.58,8.58,0
320,85,15,0.5194805194805194,0.7792207792207793,63.58,8.58,0
80,72,28,1.5384615384615383,2.3076923076923075,27.2,52.95,1
80,89,11,1.5384615384615383,2.3076923076923075,27.2,4187.33,1
90,72,28,1.5384615384615383,2.3076923076923075,27.2,3424.68,0
90,89,11,1.5384615384615383,2.3076923076923075,27.2,3968.02,1
100,72,28,1.5384615384615383,2.3076923076923075,27.2,4892.54,1
100,89,11,1.5384615384615383,2.3076923076923075,27.2,5635.89,0
150,72,28,1.5384615384615383,2.3076923076923075,27.2,6922.01,0
150,89,11,1.5384615384615383,2.3076923076923075,27.2,3525.6,0
210,72,28,1.5384615384615383,2.3076923076923075,27.2,3857.74,1
210,89,11,1.5384615384615383,2.3076923076923075,27.2,4209.39,1
280,72,28,1.5384615384615383,2.3076923076923075,27.2,4510.3,0
280,89,11,1.5384615384615383,2.3076923076923075,27.2,4811.15,1
320,72,28,1.5384615384615383,2.3076923076923075,27.2,5080.85,0
320,89,11,1.5384615384615383,2.3076923076923075,27.2,5397.36,1
80,72,28,1.2903225806451613,1.9354838709677418,30.73,4415.28,1
80,89,11,1.2903225806451613,1.9354838709677418,30.73,2965.39,1
90,72,28,1.2903225806451613,1.9354838709677418,30.73,2650.65,0
90,89,11,1.2903225806451613,1.9354838709677418,30.73,58.03,1
100,72,28,1.2903225806451613,1.9354838709677418,30.73,1982.04,1
100,89,11,1.2903225806451613,1.9354838709677418,30.73,2517.23,1
150,72,28,1.2903225806451613,1.9354838709677418,30.73,2814.99,1
150,89,11,1.2903225806451613,1.9354838709677418,30.73,3041.41,1
210,72,28,1.2903225806451613,1.9354838709677418,30.73,2049.55,0
210,89,11,1.2903225806451613,1.9354838709677418,30.73,2049.55,0
280,72,28,1.2903225806451613,1.9354838709677418,30.73,2049.55,1
280,89,11,1.2903225806451613,1.9354838709677418,30.73,2114.19,0
320,72,28,1.2903225806451613,1.9354838709677418,30.73,2295.24,1
320,89,11,1.2903225806451613,1.9354838709677418,30.73,2484.63,0
80,72,28,1.0256410256410258,1.5384615384615385,36.52,4345.42,1
80,89,11,1.0256410256410258,1.5384615384615385,36.52,4115.68,0
90,72,28,1.0256410256410258,1.5384615384615385,36.52,3853.31,0
90,89,11,1.0256410256410258,1.5384615384615385,36.52,3588.76,1
100,72,28,1.0256410256410258,1.5384615384615385,36.52,3294.74,0
100,89,11,1.0256410256410258,1.5384615384615385,36.52,3005.41,0
150,72,28,1.0256410256410258,1.5384615384615385,36.52,2625.34,0
150,89,11,1.0256410256410258,1.5384615384615385,36.52,2302.68,0
210,72,28,1.0256410256410258,1.5384615384615385,36.51,343.35,1
210,89,11,1.0256410256410258,1.5384615384615385,36.52,4597.85,0
280,72,28,1.0256410256410258,1.5384615384615385,36.52,4811.3,0
280,89,11,1.0256410256410258,1.5384615384615385,36.52,2267.4,1
320,72,28,1.0256410256410258,1.5384615384615385,36.51,3256.24,0
320,89,11,1.0256410256410258,1.5384615384615385,36.52,1864.68,0
80,72,28,0.5555555555555556,0.8333333333333333,59.93,1587.97,0
80,89,11,0.5555555555555556,0.8333333333333333,59.93,1807.22,0
90,72,28,0.5555555555555556,0.8333333333333333,59.93,49.97,0
90,89,11,0.5555555555555556,0.8333333333333333,60.06,1997.16,0
100,72,28,0.5555555555555556,0.8333333333333333,60.06,2171.18,0
100,89,11,0.5555555555555556,0.8333333333333333,60.05,3397.1,1
150,72,28,0.5555555555555556,0.8333333333333333,60.05,3701.25,0
150,89,11,0.5555555555555556,0.8333333333333333,60.05,3701.25,0
210,72,28,0.5555555555555556,0.8333333333333333,60.05,3701.25,0
210,89,11,0.5555555555555556,0.8333333333333333,60.05,3701.25,0
280,72,28,0.5555555555555556,0.8333333333333333,60.05,3701.25,0
280,89,11,0.5555555555555556,0.8333333333333333,60.05,3701.25,0
320,72,28,0.5555555555555556,0.8333333333333333,60.05,3701.25,1
320,89,11,0.5555555555555556,0.8333333333333333,60.05,3701.25,0
80,72,28,0.5194805194805194,0.7792207792207793,63.58,55.06,1
80,89,11,0.5194805194805194,0.7792207792207793,63.58,1751.29,1
90,72,28,0.5194805194805194,0.7792207792207793,63.58,3359.41,1
90,89,11,0.5194805194805194,0.7792207792207793,63.58,1926.82,0
100,72,28,0.5194805194805194,0.7792207792207793,63.58,2093.39,0
100,89,11,0.5194805194805194,0.7792207792207793,63.58,2912.01,0
150,72,28,0.5194805194805194,0.7792207792207793,63.58,1530.45,0
150,89,11,0.5194805194805194,0.7792207792207793,63.58,3216.99,1
210,72,28,0.5194805194805194,0.7792207792207793,63.58,3075.23,1
210,89,11,0.5194805194805194,0.7792207792207793,63.58,2777.44,0
280,72,28,0.5194805194805194,0.7792207792207793,63.58,2610.55,0
280,89,11,0.5194805194805194,0.7792207792207793,63.58,2424.3,1
320,72,28,0.5194805194805194,0.7792207792207793,63.58,2255.97,1
320,89,11,0.5194805194805194,0.7792207792207793,63.58,58.0,0
